Word (in Normal Form), Descents
bacabac,b
abacba,ab
a,a
ab,a
bcaba,bc
bacabacabac,b
acabac,ac
cbaca,bc
cabba,c
aca,ac
acaba,ac
abcabcb,ab
bac,b
bcb,bc
cab,c
cba,c
c,c
bcabcb,b
cbacbac,c
bc,b
bacbaca,ab
baccaba,ab
ba,b
acbac,a
bacc,b
aba,ab
abcaba,a
cabc,c
baca,b
bcab,b
b,b
abacab,ab
acabacabac,ac
cbac,c
abac,ab
cbacbacbaca,bc
bcabac,bc
bcabcab,b
abcabacab,a
abaca,ab
cabcaba,ac
ccb,bc
cabcabacaba,ac
bcabab,bc
acaca,ac
,
bcabacabacabacab,bc
ac,a
bacbac,b
abcab,a
bcabaca,bc
bcabacb,bc
acab,ac
cb,c
cabac,c
bacabacabaca,b
bcba,bc
cbaccba,c
baba,ab
abcabcba,ab
acbacabacaca,a
cabcab,c
bacaca,b
caba,c
bacabacb,b
acba,a
acbaca,a
cbacaca,bc
acabacabaca,ac
bacac,b
abacabacaba,ab
bacaba,b
cca,ac
abacabb,ab
abcbb,a
acb,a
abc,a
ababaca,ab
abcabacabacb,a
bacabacabacab,b
cabacab,c
abcabcabcaba,a
cbacabac,bc
ababac,ab
bacb,b
cbacabacabacacaba,bc
abcabacaba,a
acbacba,a
bcabcabacab,b
cbacca,c
cbacabaca,bc
abcb,a
baccb,ab
bcabacaba,bc
abcabca,a
bacbacbaca,b
cbacbaca,c
bcabacab,bc
ca,c
cbacac,bc
acabacab,ac
abacabac,ab
cabcb,ac
bacbacbacbac,b
bacab,b
bcacaba,b
cabcababacab,ac
bca,b
cbacaba,bc
acbacabacaba,a
acbacaca,a
bacabacab,b
bacbacb,b
cbabaca,c
acabacabacab,ac
abcabacb,a
accaba,a
abacb,ab
cababa,c
abcabcaba,ab
cbacab,bc
cabacaba,c
cabacabaca,c
acc,a
acbacab,a
bcabb,b
cabcabac,ac
accabacab,a
acbacbac,a
cbacba,c
abbacaba,a
bcabcba,b
bcabacabaca,bc
cbb,c
acabacba,ac
cbacbacabacacb,c
bcabcaba,b
bcabbaca,b
abcba,a
ababacabac,ab
acabacaba,ac
cabcabacab,ac
cabacabacabaca,c
cabca,c
abbaca,a
bcabc,b
acbb,a
bacbacacab,ab
bacbabacab,b
cabacb,c
abacabaca,ab
acbacbacabac,ac
cbaccb,c
cabaca,c
bacbacabab,ab
bacabb,b
bcabcabcabcabcaba,bc
acbabac,ac
acbacabaca,a
abcabcabacabac,ab
abcabac,a
abbac,a
cbacbacbac,c
bcabcabac,b
bcabcabacabacaba,b
acabaca,ac
abacaba,ab
cbacacb,bc
cabacabacab,c
cabbac,c
abacababac,ab
ccabacb,abc
abca,a
bab,ab
abcabcabc,a
cabacacabb,c
abacabacb,ab
bb,b
acca,a
cc,c
bacbacbacabac,b
abacabacba,ab
bcabcabcab,b
acbacbacbaca,a
bacabaca,b
acbacbaca,ac
cacaba,ac
bcabcabcabacab,bc
ababa,ab
cabcabcaba,c
acbabacaba,ac
cabacabacaba,c
bba,ab
cabcabcabacabacabac,c
acbacbacbacbaca,ac
cbacbacac,c
bacba,b
cbacbacab,c
bcababaca,bc
abcabbaca,ab
cabb,c
acabacabacaba,ac
bacbba,b
cabacabacacb,c
abcabaca,a
bacbacca,b
baccac,b
acbacb,a
abcbba,a
cbacb,c
acbacabacabacabacacabac,a
abbacab,a
bacbacab,ab
cabcabb,c
cabcabaca,ac
abb,a
acbacbba,a
bcabacababac,bc
cabcabcb,c
acbacabac,a
abba,a
bcabcababac,b
acbacbacabaca,ac
acabacb,ac
cbacbacb,c
acac,ac
cbacabacba,bc
cbacacabaca,bc
cababacaba,c
abacbb,ab
acabba,ac
cbacabacacaba,bc
bacbacbac,b
acacbab,ac
cbacababaca,bc
bcabcabacabbba,b
cbabacabaca,c
acbacaba,a
acbaccba,ac
cabbaca,ac
abcabcab,a
babacaca,ab
cbab,c
cabacba,c
bacabacaba,b
cabcabacabacba,ac
bcabacba,bc
bcabacabac,bc
baccabaca,ab
bcabcabbaca,bc
abcabc,a
bacacba,b
ccab,ac
abacababaca,ab
ccba,bc
bacbacabac,ab
bcbb,bc
baccabac,ab
abacac,ab
acacab,ac
acbacbacab,ac
cbacabacabacb,bc
cacab,ac
cbbaba,c
acabb,ac
acababacaba,ac
bacca,b
cabacabac,c
bcabbac,b
cabacac,c
bcabcabcaba,bc
acababa,ac
bcabacacb,bc
cabacaca,c
cbacacbb,bc
abacabacabac,ab
cbacabacabacab,bc
acbba,ac
bcabacacaba,bc
bacabbba,b
acbacc,a
cabcabacabacaba,ac
cabcacab,c
acbbbac,a
baccab,b
cbacababacabacbba,bc
bbac,ab
cabcabacabac,ac
cabacabacbba,c
abacabacacab,ab
bacbacabacabac,ab
cbacbaccba,bc
bacbb,b
abbacbaca,ab
cabcabacabaca,ac
acacabb,ac
bcbba,bc
abbacabacabacabaca,a
cbaccabaca,c
ccaba,abc
bacabacba,b
abbacb,a
abcabacabaca,a
abcabb,a
abcabcabacabacabacabacb,ab
acbacabacb,a
acbaccb,ac
cbacbacbacab,bc
bcabcabcabcaba,b
bacabacabacabac,b
bbaba,ab
bacbacbaccb,ab
cabacabacabacab,c
cbacbacacabacaba,c
bacbacabacab,ab
cbaccabac,c
abcabacabacabac,a
cabbacab,ac
cbacabacb,bc
cabbacabac,ac
cabacabba,c
ababacabacb,ab
bcabcabcb,bc
accb,a
acabacabacabaca,ac
abab,ab
abacabacab,ab
cabcabcabbaca,ac
bcabacabacab,bc
cbacbacabacabacb,c
cabacabab,c
cabcba,ac
cabcabc,c
bcabacabab,bc
cac,ac
abcabcabacb,ab
cbacc,c
bcabcabacabacab,b
bbacaba,abc
bacabacaca,b
cbacababac,bc
bcabbabac,bc
bbacabac,abc
bacacab,b
bcabba,b
cacabacacaba,ac
bacacaba,b
bacbaccb,b
acbacbb,a
acabacabacba,ac
acbacacaba,a
cbacabacaba,bc
cbacbacabacabaca,c
cbba,c
bcaca,b
cabab,c
accabac,a
abcabacabac,a
cbacbba,bc
bacacabaca,b
acbacbacbba,ac
baccba,ab
acacaba,ac
abcabcbacb,ab
abacabab,ab
ccabac,abc
abcabbac,a
acbacbacaba,ac
cabcabcabcaba,ac
cabcabcabac,c
bcabcabcabcab,b
abacabacabacb,ab
bcabca,b
bcababacabaca,bc
bbb,b
bcabcacb,bc
bacbacbacbaca,ab
accab,a
accabacaba,a
cacb,ac
abcabcabcabcab,a
abcababacab,a
abcababa,a
baccabacac,ab
bcabacabb,bc
bacabacbba,b
acbacabacac,a
bacbab,b
bacbaccaba,b
bcabcabb,b
accabacb,a
cabacabb,c
cbacabacabaca,bc
bacababacabaca,b
bacbacc,b
cabacabacabacabaca,c
bacbaccba,b
acacba,ac
bbacab,abc
acabacbb,ac
acacb,ac
cabacabacabacb,c
bacbabaca,b
bbacca,ab
cbacbacbacabac,bc
acabacabacabacba,ac
acbacabacabac,a
bcababacabac,bc
cabcabba,c
cbacabbabac,bc
bcbabacabac,bc
bcabcabacba,b
cbacbb,c
cbaccaba,c
abacabba,ab
cbacabacabacaba,bc
acbaccaba,ac
bcababacaba,bc
accba,a
abacabacababa,ab
bacbacbacbacabaca,ab
bcabacababacab,bc
bcabcabc,b
baccabacabaca,ab
cabacbb,c
cbacbaccb,bc
cbacbacbacabaca,bc
bcbab,bc
abacabacabacac,ab
acabacac,ac
bacabab,b
bbacababa,abc
abcabcabacaba,ab
bbacb,ab
abcabbacab,ab
abacabacabacabacaba,ab
cabcabcabc,c
bacbacabacaba,ab
abcabcabac,ab
acabab,ac
babaca,ab
acacabac,ac
bcabacabacaba,bc
bcabcabbba,b
ccbc,bc
acacabacab,ac
cabcabacabba,ac
acabacabacb,ac
cabbabac,c
abcabcabacabacaba,ab
bcabacabacba,bc
bacabacac,b
cbacabacab,bc
acbacacba,a
caca,ac
abcabacba,a
acacabaca,ac
bacbacabaca,ab
bbba,b
acabacabacabac,ac
bcabcabacabac,b
cbaba,c
ababacb,ab
accacb,ac
bacbaccab,b
cabacabacba,c
cabacabacacaba,c
bcababa,bc
cabcabcab,c
cbacabacabac,bc
bacbacababac,ab
bacabacbb,b
cabcabca,c
bacabba,b
abbacacb,a
bcabbb,b
acacabacabaca,ac
bcabcabcababac,bc
bbaca,abc
bbacabba,abc
cabcbba,ac
bacabacacabaca,b
acbbba,a
cabcabcabacaba,c
bacbacbacbba,b
abbaba,ab
abcababac,a
cbbabacaba,c
abcabbba,a
cabcabcabacab,c
bacacabb,b
cbacbaba,bc
babac,ab
cbacbacabaca,c
abacacb,ab
bcabbacab,b
baccabacb,ab
cabcabcabcb,ac
cbaccab,c
cbacbacaba,c
cccab,c
bacabacabacaba,b
cbacbaccaba,bc
baccabacaba,ab
acbaccab,a
abacabacabacab,ab
acbacabacab,a
abacabacacb,ab
cbacabacabacabaca,bc
abcabcabacab,ab
abacababacabacabbabacaba,ab
bcabcabacaba,b
acacabacb,ac
ababacabaca,ab
abbacabaca,a
abbb,a
abacacba,ab
bacabacabacba,b
cbacabacac,bc
cabcabcabab,c
abcbacaba,a
abacacab,ab
accabacba,a
cabcabacba,ac
acbacabacabacb,a
bcabcabacb,b
cabcabacb,ac
acbaccabac,ac
acbaccabaca,ac
accabacabaca,a
abacacabac,ab
abacacabacab,ab
cbabac,c
bacbcaba,ab
cabbacabaca,ac
cabcabbaca,c
abcabacabacab,a
cabbacac,ac
cbacacab,bc
cabacabacb,c
bcabcabbac,b
bcabcabcbac,bc
cbacacba,bc
bcabacacba,bc
abcabcabcabacabacb,a
cbacbacbacac,bc
cbacacaba,bc
bcabcabcabac,bc
acabacbba,ac
cabacabacabac,c
acbacbacbacbacbac,a
cabcacabacabacab,c
bacbacabacba,ab
cabcabcba,c
accabb,a
acacbaba,ac
abcabcabcab,a
accbba,a
abcabacabacbb,a
acbacbacbac,a
cbacabb,bc
acabacabacabacab,ac
bcabacabacb,bc
baccabacabacabaca,ab
accabacac,a
cbacbacbacbac,c
cacba,ac
abcabcabcabcabc,a
acabacbabaca,ac
cbacabacbba,bc
abcabcabacba,ab
bacbacbaccba,ab
acbacbaccabacba,a
cbacbaccab,c
acbacbacac,ac
acababac,ac
babacabac,ab
cbacacabac,bc
bcbacb,bc
abacabacabaca,ab
abacbba,ab
bacababacab,b
abbacabacab,a
ccacb,ac
abacabacbaba,ab
bcabcbb,b
cabcabab,ac
bcabacabbb,bc
cbacbacabacabac,c
bacbaccabac,b
cabacbba,c
bacabacabacb,b
ccabacab,abc
cacabac,ac
bacbacaba,ab
cabcabcabacb,c
bacabacabacaca,b
acbacbacc,a
cababac,c
bacbacabacacba,ab
bcacb,b
acbacabacacab,a
abacababacaba,ab
cabcababa,ac
cbacbacabacab,c
bcabbacabacaba,b
bcbaba,bc
acbacacab,a
bacacabbb,b
bacacabacabac,b
cabcababacb,ac
bacbacbacaba,b
accabacabacacab,a
bacacb,b
ababacab,ab
cacbb,ac
babacbb,ab
cabacacabacaba,c
abcabcabcabacabacabac,a
abacaca,ab
cabcac,c
abacababacab,ab
cabcabbac,c
acbacacb,a
bacabacababac,b
bcabcababacabac,b
bacbacbacc,b
bcabcac,bc
abbacba,a
acababacab,ac
bbbacabba,b
baccacb,b
cbacabba,bc
cabacabacabacabacab,c
abcabacaca,a
abbacac,a
acbacbaccaba,a
bbbacaba,b
acbacbacbacbac,a
bcabbacb,b
cbacbacba,c
acbacabacabacabacb,a
abcabcabbaca,a
bcabcabaca,b
bcbbabacabac,bc
abacabacacaba,ab
bacbacbacbacabac,ab
bacbbba,b
bacbacabacbba,ab
accbabac,a
cbacacabacab,bc
abacabacabacaba,ab
acbacacbb,a
cbacbacabac,c
bcabcacaba,bc
acbacabab,a
cbacbacc,c
accabaca,a
cababaca,c
abcabcabab,ab
acbacca,a
bcababac,bc
bacbacba,b
abcbabaca,a
abcabcabbac,a
abcabcabaca,ab
acbacac,a
cababacac,c
abcbac,a
acbacbacbacab,a
cabbabacabac,c
abcac,ab
abbabacabac,ab
abcabbacb,a
acabacababacab,ac
ccabacba,abc
cbabacabac,c
accabacacaba,a
bcabbacacba,b
baccabacabacab,ab
bbacba,ab
cabbacaba,ac
cbacabab,bc
acbacbacbacabac,a
cbacbacbacbacbac,c
abacababacabab,ab
bacabacabb,b
abcabacabacabacaba,a
cbacbacaca,c
bacababa,b
abbacacabacb,a
cabcabcabcabacab,ac
acbbaba,ac
cbacbacacaba,c
bcbabaca,bc
cabcabcababa,c
acababacabacabacabaca,ac
abacabacacbb,ab
bacabbab,b
bcacabacabac,b
cbacabacabba,bc
cbacabacabacabac,bc
cabcabbb,c
baccbac,ab
bcabacbba,bc
bacbacbba,ab
cbacbacacab,c
abcbab,a
abcabcabcabac,a
cbabacba,c
abbabaca,ab
bcbac,bc
abacabacabba,ab
acacabacba,ac
cabcbab,ac
bacbacabacabaca,ab
acabacabb,ac
bacacabacbb,b
abacacabacaba,ab
cbacabacabacabacabaca,bc
abcabcabcabacabacab,a
cacabacab,ac
cababacb,c
abacbab,ab
acbacacabacba,a
abcabcabcb,a
abbba,ab
cbabacaba,c
cabacacabacabacabac,c
cabcabacabacb,ac
bacbacbacacabac,b
acabacacabac,ac
cabbacbb,c
ccabacaba,abc
bcabcabcba,bc
abbacabacabac,a
cbacacbacaba,bc
abbacabac,a
cabcabacabacab,ac
abcabacabacba,a
bacabacacb,b
cabcabcabcab,c
cbacbab,bc
bacbacacabaca,ab
acabacabacbaba,ac
cabacacabacabaca,c
bcabacbabac,bc
cabbba,c
abcbabacab,a
bacbacacbba,ab
acabacabacacabac,ac
ccabaca,abc
abacbaba,ab
abcababaca,a
abbab,ab
accaca,ac
acbacbacabacab,ac
cabcbac,ac
acbacbaba,a
cabacacba,c
cbbbacaca,bc
bacbacabacaca,ab
ccac,ac
abcabacacba,a
cbacacabacabacaba,bc
abcabab,a
cbbbacab,bc
ccacaba,ac
cbacabacabacaca,bc
abcaca,ab
bacbacbacba,b
bcabacabacabac,bc
cbacacbba,bc
bacabacabacabaca,b
acbbab,ac
bcabacabacabba,bc
bcac,b
cbacbacabacac,c
bcbbaba,bc
ccabca,ac
bacbacabb,ab
bacacabacb,b
abcabacbaba,a
cbacabacabacba,bc
ccabacabaca,abc
ccbacaba,bc
cbacbacbacabacabaca,bc
cbacbacbacbaca,c
acacabacabacb,ac
bcababacabacb,bc
bacbacbacaca,b
baccabacabacaba,ab
acbacabacabb,a
babacabacabaca,ab
bacbacabacbabacaba,ab
bbacc,ab
acabacaca,ac
acbacbacbaccabbaca,a
bacabacabacabacab,b
accacba,ac
cabacabacac,c
cabacababacabac,c
cabacacb,c
abcabacabacabacababacab,a
acbacbacb,a
cababacab,c
bcabacabacabacb,bc
bcabbba,bc
abcabcabacabacab,ab
cabcaca,c
babacabaca,ab
acbacbacabacacaba,ac
abacbacaba,ab
bbabacb,ab
bcabcbab,b
bcabacababa,bc
bcabacbaca,bc
abcabcabacabacb,ab
abacabacac,ab
acbacbacaca,ac
cabcabacbba,ac
cbacabacacab,bc
cabcbb,ac
bcabcaca,bc
cabbacbbab,ac
bacbacbacabacabac,b
baccabacab,ab
bcabcabacabacabac,b
acbacbaccab,a
acbaccacaba,a
abacabacbba,ab
abcabcabacababaca,ab
abacabacabbba,ab
acbacbacbaccab,a
abcababacaca,a
bacbacbacabacabaca,b
ababacba,ab
abcabcabcabacab,a
bcabacacabacabacabab,bc
cbacbacacb,c
bacbacbaba,ab
bacbacbacbacbaca,b
abcbbaba,a
acbacabacabacabac,a
cbbb,c
ccc,c
abcabbacc,a
acbacabacbba,a
bcabcabcbba,bc
ababacabacabacabac,ab
bcabcabab,b
cabcbaba,ac
bcabcbacb,b
bacabbabac,b
accbb,a
abacabacabacba,ab
acacbb,ac
bcabcababa,b
cabcababac,ac
cabacababac,c
cbacabacabacabba,bc
cbbba,c
cbbabac,c
cbacbacabab,c
cbbbaca,bc
acbaccabacab,ac
acbacbacbb,a
baccaca,b
bcabacbbb,bc
acabacacab,ac
bacbacbacbaccb,b
acbacbacba,a
cabacabacabacabac,c
bacabbabaca,b
acababaca,ac
bcabcabcabacba,bc
cababacabacabba,c
acabacabacacba,ac
ccca,c
bacabacacaba,b
bcabbacabac,b
cabacabacabacaba,c
cbbabaca,c
bcabbacbb,b
abbabacaba,ab
acbacbacca,a
ccbcabacab,bc
bbab,ab
abcacabac,ab
acbacacabacb,a
acbacbacacb,ac
cabacabacbb,c
abcabacabacaba,a
abacabacaca,ab
cabcabcabbac,c
ccbac,bc
acacabacacb,ac
bcbacabacab,bc
acbacabbabac,a
bacbaba,b
abcabcabcba,a
accabacabac,a
abacabacbb,ab
cbabacabacab,c
cbacabacabacabacabacab,bc
cabacbabacabac,c
cabacababaca,c
abcabba,a
cbacabacbb,bc
ababacabacba,ab
cbacbacbba,c
acabacabacabacabac,ac
acababacabac,ac
bcabcabbacabacab,bc
abacababacbb,ab
accababacabac,a
cbaccabacabacba,c
cbaccabacba,c
baccababa,ab
cbacbacbacacaba,bc
ccbacabac,bc
cababacabacabacabac,c
cabcabacabacababac,ac
acabacababa,ac
bcabcabba,b
cabcababacaba,ac
bbacabab,abc
abcabacababacaba,a
acbacabacabaca,a
acbacbaccb,a
acacabba,ac
cabbacba,c
acbacabacba,a
acabacabba,ac
babacac,ab
abcacaba,ab
cabbb,c
bacbacbacacab,b
acabacacabaca,ac
cccaba,c
bacbacac,ab
abcabcabcabcabacaba,ab
acbaccabacabaca,ac
acbacbacbacbacbaca,a
cbacabacbbb,bc
cabbacb,c
bbabac,ab
cabacacabacabacabacab,c
bacbacabacac,ab
abcabacabacabacab,a
cabcababaca,ac
ababacaba,ab
acacabacabacbba,ac
accabba,a
abacababacabac,ab
bacbacbacbacc,b
abcbbba,a
bacababacaba,b
bacababac,b
acabacacb,ac
abacababa,ab
abcabacabacabba,a
ccaca,ac
bcabbacaba,b
acacabacaba,ac
abcabcabcabacb,a
abcabcabacbba,ab
bcbabac,bc
bcabacabacabacbba,bc
cabcabcabacabacb,c
abcacabaca,ab
cbacabacacb,bc
bacbacbacacaba,b
abacabacabacabac,ab
bacbacbacab,b
bbca,bc
bcabcbbb,b
cbacbacabacabacabac,c
bcabacabba,bc
baccabacabacacb,ab
acabacabacacab,ac
abcabcabcabc,a
abcabcabcabca,a
baccbba,ab
abacbac,ab
bcabcabcababaca,bc
bcabacabacbb,bc
cbacbacabba,c
bcabbab,bc
bcabacabacabacba,bc
acacabacabacab,ac
cababacabacabacab,c
bacbacbacbacbaccb,ab
cabcbacaba,ac
cabcabcabacabac,c
acabacacaba,ac
acbaba,ac
abcbabac,a
abacacaba,ab
acabacabacabba,ac
acbacabacabacab,a
bcabacabacabacabac,bc
bcabcabacabaca,b
abcabcabacac,ab
acbacbabacabacabacaba,a
cabcabcababaca,c
accbac,a
acbacabacabacabacab,a
acabacabacac,ac
bcabacabacabacaba,bc
bcacab,b
cabacacabaca,c
bacbacbacabaca,b
bacbacabacabacab,ab
acabacabacabb,ac
acbacabacacba,a
acabacabacabacabacab,ac
babacaba,ab
bcababacab,bc
cbacabacaca,bc
acabacabacababac,ac
babacab,ab
abcabcabcabcaba,ab
bacabacabacabacaba,b
bcabcabcabacb,bc
cabcabacababac,ac
bacabacabba,b
acbacbbabac,a
cabcabacabacabac,ac
cabacabacabacba,c
bacbacabacb,ab
bacababacabb,b
cabcabcabb,c
bcabacabacabaca,bc
bacbacbacbb,b
acbacacabac,a
acbacbacbacbacbacacaba,a
abcabcacaba,a
cababacabac,c
bacabacabacabacbb,b
bacabacabacabacacab,b
bcabcabcabcabc,b
bcabbacba,b
bacbabac,b
bcabacbacabac,bc
bbbaca,b
cabcabcabacabacaba,c
cabacbabac,c
cabbacabacab,ac
bacbacabacabacaba,ab
accac,ac
ccbba,abc
cbacbacbacbacacab,c
cabcacba,c
cacabacacabacaba,ac
baccabacabacabacababacabacab,ab
bbacabacb,abc
abcabcabcabcb,ab
bacbacbbbac,b
bcabcabcabacabac,bc
cabcabcabcabcaba,c
bacabacabacabacb,b
cabbab,c
accbacba,a
cbacbacbaccb,c
bacacabacaba,b
abbacabab,a
abcabcababac,ab
cbbabacabacb,c
bcabcabcabcabacaba,b
bcabacbb,bc
bcabacababaca,bc
abcabbacaba,ab
bcacabac,b
cabcbacb,ac
bcbaca,bc
cabcabcabcabcabcab,c
acbacbacbacc,a
cbaccacb,bc
acbab,ac
bcabacabacabab,bc
bcababacababac,bc
abcabacabacabacababaca,a
bacbacabacabacacba,ab
cbabacabacba,c
cbaccabacaba,c
abcababacaba,a
cabacacaba,c
bcabcacabacba,bc
acbacbacabacabac,ac
baccababaca,ab
ccbabacb,abc
bcabacabacacabac,bc
abcabcabcabacaba,a
acbbbacabac,a
abcabcabcabcabcaba,a
bacabacabacacb,b
abcabcababacacab,ab
acabacabacaca,ac
cabacabacacababaca,c
acbacbacbaccb,ac
cabacbacab,c
bacbacacabacabba,ab
cabcabcabcabcab,c
ababacbb,ab
cbacabacabacabacababac,bc
acbacabb,a
baccabacaca,ab
cbabacab,c
acabbabac,ac
cabbacababacaba,ac
abcabcabcabcabacab,ab
bacbacbacb,b
abcabacababac,a
bcabacababacabaca,bc
cabcabcabaca,c
cabcabcabcabacb,ac
cabcabcabca,c
cbacbacbacacba,bc
acabacabacabacabba,ac
acabacababac,ac
bacbacacabacbba,ab
bcabacacab,bc
abcabacabba,a
babacbba,ab
acabacabacabacb,ac
acabacabacbb,ac
acbacacbac,a
abcabacacbac,a
cbaccbac,c
cbacababacaba,bc
cbaccabacb,c
abcabbacabacaba,ab
bacbacbacbacacaba,ab
cabacabbb,c
bcabcbacbb,b
abacbacb,ab
baccacabac,b
bcabacac,bc
cbacabacacba,bc
cabcabacababaca,ac
cbacacabacabaca,bc
bcabcacabacb,bc
bacabacababa,b
babacb,ab
cabacabacabacabacabacb,c
acabacacba,ac
cbaccac,bc
cabacacabacabacab,c
bacbacacb,ab
cbaccabacab,c
bcbacababa,bc
acbacacabacaba,a
bcbabacab,bc
acabbb,ac
bacacbba,b
abcabcababa,ab
cabcabacabacacaba,ac
cacabacabacab,ac
accababac,a
abcabcababacaba,ab
acbacbabac,a
bacbacaca,ab
bcabacabacaca,bc
bcabacbacab,bc
bcbacab,bc
acbacabacbb,a
bcabcabcabacaba,bc
bcabcabcabc,b
bcabcababaca,b
cabcabcabcabbaca,c
cacabacaba,ac
cbacabacabacabacabba,bc
bacacabac,b
acbacabacabacaba,a
cabacababa,c
ababacabacab,ab
cababacabacacababa,c
cabacacab,c
accabacabacba,a
cbacbacbb,c
bcabacbacaba,bc
abcabacac,a
cabcabacabb,ac
acbacbacacab,ac
bcbbabaca,bc
acbbbab,ac
acbbabacabac,ac
cacabacb,ac
acbacbacbacacab,a
bcabacaca,bc
cabcabacacb,ac
bacabacabacbba,b
acabbbba,ac
baccabb,b
cabcabbacabacabac,c
cbacbacabacabacab,c
bcabcabcabbac,b
abcabcabacabb,ab
abcabcbb,ab
bacababaca,b
cabacabbbab,c
acababacb,ac
bacbacbacca,b
bcabcabacabacba,b
cabbabacaba,c
abbacbba,a
bcabcabbb,b
bacbacacbacabac,ab
abcacabba,ab
bcabcabcabcb,b
cabcacaba,c
cccacb,ac
acacbba,ac
baccacabacab,b
abcabcabacabacabacab,ab
abacbbba,ab
cbaccabacabacaba,c
bbbac,b
acbacabacabacabacba,a
abcabacbba,a
bacabacabacabacabacab,b
cababacabacacab,c
abacabacabacabaca,ab
abcabcabcababaca,a
ccabab,abc
bcabacabacac,bc
cbacbacabacaba,c
cbacabacabacabacab,bc
abcacab,ab
cbacbacababacabaca,c
bcababacbb,bc
cbbbac,c
bcabacabacacba,bc
cbacbbab,bc
bacbacabacacb,ab
bcabacabacabacabacabaca,bc
cbacbacabacabacabacabac,c
bcabcacabacab,bc
abcabacabacabacabaca,a
cbaccababac,c
cabacababacba,c
cbacabacabacabacba,bc
cabcabbacab,c
bcabcabbacb,b
acabacabbba,ac
acbacabacabacabaca,a
cabcababacba,ac
bacbacacabacaba,ab
bbbacab,b
acabacabacacb,ac
acabacbacb,ac
cbacbacbacc,c
bacacbacaba,b
cbacbaccbacabacabacab,bc
acababacabaca,ac
abbbabac,ab
acbacacabacabaca,a
cbacbacbacbacabaca,c
bacabacababacacab,b
bacabacabacababa,b
acbacabacacabaca,a
cabacabacacab,c
cbacbbb,c
abcabcabcabacabacabacb,a
bacbacbb,b
cbbbacabacb,bc
abacabacbacabacab,ab
abcabcabacabacba,ab
cacabaca,ac
acbabaca,ac
cbacacabb,bc
abcabacabacabaca,a
ccabacabacaba,abc
bcbacaba,bc
ccacabacab,ac
acbacbacabacac,ac
cabcabacabacabacab,ac
bcababacb,bc
cabcabcbba,c
cabcabcabcabcabacab,c
bcabbacacab,b
cbabacabacabacaba,c
ccbb,bc
abbacabb,a
bacabbaba,b
acabacabacabacabacaba,ac
cbacabacacabacac,bc
bbacbb,ab
abbacabacabacacabab,a
acbacbacacabac,ac
bacbacacabac,ab
cabcabcabcabcbac,c
abcbaca,a
cbaccabacabaca,c
cabcabcabcababac,ac
cbacabcacb,bc
bacabacabbabac,b
abcabcac,a
abcbacababacabaca,a
cbacbabac,bc
cabcabacacabac,ac
bbacaca,abc
acabacabacabab,ac
bacabacacab,b
bacbacbaccac,b
abcacabacabac,ab
acacabab,ac
bacbbbac,b
abacabacababaca,ab
abcabbacba,a
acbacbacabacaba,ac
bbacbacab,ab
acabacabbb,ac
acbaccabc,a
cabacabacaca,c
bacabbb,b
cabcbabacabacaba,ac
ccabacabacab,abc
cababacacb,c
abacabacacabac,ab
cabcabbabacaba,ac
bacbacabba,ab
cbacbacbaccab,c
acbacabacabacabacabacac,a
acbacbacabacabacabaca,ac
bcababacacabac,bc
bacacabacac,b
bacbacabacacab,ab
acabacababaca,ac
bcabcabacacaba,b
cccacaba,ac
cabacacabac,c
cabacabacabacabab,c
bcbbba,bc
bcababacabacab,bc
bacababacbb,b
cabcabcabacabacab,c
bacbacbacbacaba,ab
acbaccacb,a
bacbacbaccaba,ab
bacbacabacabacabacaba,ab
ababacabacacab,ab
cbacabacabb,bc
abacabacbbba,ab
abcabcabcabcababacaba,ab
acbaccbabacabacb,ac
baccacaba,b
abacabacabacabacab,ab
cabacabacababacabaca,c
cccba,c
bcabacabacabacabab,bc
abacabacabb,ab
ccbaba,abc
abacabacacba,ab
baccbb,ab
bcbabacaba,bc
ababacac,ab
bacbacacaba,ab
bacbacbacbacbac,b
bacbacbaccab,b
bcabbabacaba,bc
abacbbab,ab
cabcabcabcabacaba,ac
cccabacb,c
bbacabacba,abc
cababacacba,c
bacababacabba,b
cbacbacabacb,c
bacbbabac,b
cabcabcabacabacabacba,c
accababaca,a
acacabacabac,ac
bacabacabacabacabacabaca,b
bbacacb,abc
bcbbabac,bc
cabacabbba,c
cbacbacabacacabacaba,c
bacbacbacbacb,b
acabacbbab,ac
ccbacab,bc
abacabacabacabacbb,ab
abacabbabaca,ab
cababacabaca,c
cbca,bc
ccabacacab,abc
bcabcabcabacabacab,bc
bcabacabacabacac,bc
babacabacabacbb,ab
cbacbacbacbacbaca,bc
abcabacbab,a
acbacbacabacb,ac
acabacbab,ac
abcabacacab,a
abacacabaca,ab
cabacabacbbab,c
cabacbac,c
bcacabacbb,b
acbacbab,a
cabacabacabacabacabacabacab,c
cabcabcabacabb,c
accacab,ac
acabacabacabacabacb,ac
cabbaba,c
acabacabacbac,ac
acabacabacabacaba,ac
cbbbacabacab,bc
cbacabacabacabacac,bc
cbaccacaba,bc
bacbaccbabac,b
abcabcabcabcabcabcb,ab
bacacabacababa,b
accacaba,ac
ababacababac,ab
bacbacbacbacbacacab,b
abbacabacaba,a
acabacabab,ac
bbacabacabacabaca,abc
acabbba,ac
bacabacabacacabaca,b
acababacacb,ac
acbacbacacaba,ac
baccbacb,ab
bcabbaba,bc
bcbacabaca,bc
abbbab,ab
cacabacabacabac,ac
bacbacacba,ab
cbacbacbacbacbacabacabaca,bc
bacbacacabacab,ab
cabacabacabacabacabacaba,c
cabbabaca,c
cbacabacababa,bc
abcabbb,a
acabacababacabba,ac
bcbbab,bc
cabcbaca,ac
bcabcabcabcabcabcab,b
bcabacabacbba,bc
cabacabacbacba,c
cbacababa,bc
bcabcacab,bc
abcacabacabacaba,ab
cbacbacacabacb,c
acbacbacabacabacabacabac,ac
abacababacabaca,ab
bbbab,ab
abcabcabb,a
abacabacababac,ab
bacabacabacabacacaba,b
abacabacabacabacabac,ab
acbacabacacaba,a
bacabc,b
cccabacaba,c
cabcabcabcabcba,c
bacacbac,b
abcabbacbba,ab
accababacaba,a
abbacbacab,ab
bacbacabacacaba,ab
ccabcabaca,ac
ababacabacaba,ab
abcabacacabaca,a
acbbabaca,ac
abacabbabac,ab
cabcabcabcabcabcabcab,c
abbacbac,a
bacacabacabaca,b
bcbbb,bc
cabacababacabacab,c
cbaccbba,c
bcabacabacbbab,bc
bacbacbacbacab,ab
cababacbba,c
cbacbacabb,c
bcabacabacabacacaba,bc
cabcbabac,ac
abcabcabbacab,a
bacbabacb,b
bcbbbba,bc
abbacabacb,a
cabbacabacbba,ac
bcabbacabaca,b
bacbaccbac,b
abcabcabacabaca,ab
cabcabcabcabcabcabacb,ac
baccacab,b
cabacababacaba,c
bacacabacbba,b
cbacbacabacacaba,c
ccabacabac,abc
cbacbacbacbacbacbaca,c
bcacba,b
ccacabacabaca,ac
acbacbacabacabacab,ac
bcabacababacbb,bc
cabcabcabcabab,ac
abbacabacabb,a
abacabacabacacb,ab
abbacabacbb,a
abacacabacabacb,ab
abcabbacabacab,ab
bacbacbacac,b
bbacabacab,abc
bbabaca,ab
bacbacbacacb,b
abcabacabacabacabacabacabacb,a
ccabacabacabacaba,abc
abcbbb,a
accabacabacabac,a
bacabacbacaba,b
bacbacabacabacb,ab
cbacabacbabac,bc
ccbca,bc
bcabacabacababacaba,bc
cabacabacabacabacb,c
ccabcabac,ac
bacbacacabacabac,ab
acabacabacabacabacabac,ac
bcabcabcabcabcab,b
bcababacaca,bc
abcabacbb,a
abcababacb,a
abbacbbabac,a
babacacabac,ab
acbacacbba,a
bbacbba,abc
cacabacacabacacb,ac
bcabbabacab,bc
abbacacab,a
cabacabacabacabba,c
bacbacabacabb,ab
acbabacb,ac
abcabacababa,a
abacabbb,ab
abcacba,ab
acbbabac,ac
bacbbabaca,b
acbacbbbac,a
acbacabacabacbb,a
bcabacabbba,bc
bcabbacc,b
cabcabcababacaba,c
abbabac,ab
cbacbacacba,c
bcabbacbba,b
acbacbacbacaba,a
cacabacababacabacaba,ac
bacabacbac,b
acbacbacabacabaca,ac
cabacacabacabacabacacaba,c
cbacbacbacb,c
acabacabacababa,ac
acbabacab,ac
cabcabacabab,ac
bcabcabcabcabcb,bc
abbacababac,a
bacbacbacbacbacabaca,b
cbacbacbacbaccab,c
cabacabacabb,c
cabcabcabcba,ac
bacabacabacbb,b
abcabbacabacba,ab
acbacbabacb,a
bbabacab,ab
bbacacab,abc
bcabacababacaba,bc
acbacbacbaccaba,ac
acabacabacabacbba,ac
cabcabacabacabacaba,ac
acabacacabacabacab,ac
acbacbacbacac,a
bbacabacabaca,abc
cabcbbba,ac
cbc,bc
bbacabaca,abc
ccbcabaca,bc
acbabacabacab,ac
acbacabacababa,a
cbaccababa,c
bacabacabacababac,b
bcabcabbacaba,bc
cacabab,ac
cabcabbacaba,c
cabcabcabcabcb,c
acababacabacabacbba,ac
acbacbacabacababacaba,ac
cbbab,c
abcbabacabac,a
bcabcabcabbaca,b
abcbacb,a
cabcabbacabacab,c
accabacbb,a
cabcabbacacaba,c
cbaccabb,c
bcabacabacabacabacabab,bc
acacabacabacaba,ac
abcabcabbacbba,a
cababacabacab,c
bacabacabacabacbba,b
bcabcabacbba,b
bacbacbacbacabacacb,ab
abcabacabbb,a
abcabacabacabacb,a
cbacbacabacba,c
cabacabacababacaba,c
accabacacab,a
cbacabacabacababa,bc
cbacabacabacac,bc
cabcababacabac,ac
acbacabba,a
bcababacba,bc
bbacabacabacaba,abc
abcabbacabac,ab
cabacabacabacabacaba,c
bacbaccabacabb,b
acbacabacabacabb,a
cbacabacabab,bc
bacabacabacacaba,b
bbbba,ab
cbacbacbaccaba,c
bcabcabca,b
cacabacabacaba,ac
ccababac,abc
bcabcabcabcabcabcaba,b
bbbaba,ab
cbacbacbacabacabac,bc
bcabacabacacb,bc
cbacabacabacbb,bc
bacbacbacabacab,b
bbacbabac,abc
cabbacabacabacbb,ac
abacabacababacb,ab
acabacabacababaca,ac
baccabbac,b
bcabcabcabacabacaba,bc
abacababacabacabac,ab
abcabcabcabcababaca,ab
cabcabacabacabba,ac
acbacbacacba,ac
cabcabcabacbacab,c
abacacabacabacabacab,ab
bacacabacab,b
cabbacabacababacabacab,ac
bacbacacabacabacabac,ab
abcbacba,a
acbcb,a
abacacabbab,ab
acbacacababa,a
bcabcabacabacabacbb,b
bcabcabacabacabacaba,b
acbacbacacbbab,ac
abcbbabacab,a
bcabbacababac,b
abcababacabacba,a
bcabcbaca,b
cabbacaca,ac
acacababa,ac
bacababacabacac,b
accabacabacaba,a
cabcabcabbacab,ac
cbacbacbacbacbacabac,bc
acbaccabacabb,ac
ccabacacba,abc
cababacabacb,c
bacabbbaba,b
cabacabacabacbba,c
cabcabacac,ac
abcabcababaca,ab
acabacabacababacaba,ac
bcabcabcabab,bc
cabcabcabbacaba,ac
abcacabacb,ab
acbacbacbabacaba,ac
acbacabacabacba,a
abcabcababacabacb,ab
bcabacabacababaca,bc
bcabacbacba,bc
bcbabacabacabacb,bc
bbacabacabacb,abc
cababacabacaba,c
acacababacab,ac
bcbacba,bc
bcabbacacaba,b
abcbbbab,a
accabab,a
accabacabacab,a
cabcabacbaca,ac
cbbbba,c
bcabcabcababa,bc
cabacbab,c
baccacabacb,b
ababacacab,ab
cbcabaca,bc
acabacabacabacabacabacab,ac
accbab,a
abcabacabab,a
cbaccacba,bc
cabacabacabbbb,c
cbaccbacabaca,c
cabcabacabacabaca,ac
abacabacabacabacabacababac,ab
bacbaccbacab,b
bcabacbbbba,bc
cabcabcabcabcabcabacab,ac
bacbacbacabacabacb,b
ccabacbb,abc
bcbacbba,bc
bcabbacabacab,b
acbacbacbaccabac,ac
abacbabac,ab
cbaccbb,c
acbacababa,a
abcabcabcabacbacb,a
cbacabbb,bc
abacabacabacabacababacabacab,ab
cabbacabacabaca,ac
cbaccabacabacabac,c
cabcabcabcabac,ac
cbacbacbacacb,bc
cababacacab,c
abacababacabacacab,ab
bacbacbaccabacabacabacab,ab
cbacabacabacacabac,bc
bcabcabcbacaba,bc
accabacabba,a
acbabb,ac
accbbaba,a
cbbbacabba,bc
abcabacacabacab,a
bacbacacbaca,ab
bcabbacbac,b
cbacbaccabac,bc
cabacababacab,c
ccbcab,bc
bacbacbacbacbacabac,b
cbacababacabacab,bc
bacabacabab,b
bacabacababacb,b
cabbacbba,ac
abacabbba,ab
bcabacabacabacabacba,bc
bcabcabacababacab,b
abcabacababaca,a
ababacabacabacab,ab
acbacacabacab,a
bcabcabacabacabacab,b
abacabacabacabacba,ab
abacabacabacababa,ab
acbabacabacabaca,ac
cbacabacabacabb,bc
cbacababacabacabbb,bc
baccacabaca,b
cbacbacca,c
bacabacacba,b
bacabacababaca,b
bacbacabacabacba,ab
abbacabacabacab,a
accacbb,ac
bcababacabacabacab,bc
cabcababacabacaba,ac
bcabcabacababac,b
ababacacaba,ab
baccabacba,ab
abcabacacabac,a
ccacbb,ac
abacbabacaba,ab
abbacabacabacb,a
ccbcabacaba,bc
cabcabbacbba,c
abbacaca,a
cabcacb,c
bcacabacab,b
ccacab,ac
bacbaccbacb,b
acabacbaba,ac
acabacabacacbb,ac
abcabcaca,a
acbacbacbbbb,a
cbaccacabacab,bc
cabcababacbb,ac
bcabbabaca,bc
ababacabacabac,ab
bcabacacbacb,bc
abcacb,ab
acbacbacbacabaca,a
abcabacacaba,a
acacabacaca,ac
bacbacacbb,ab
abcababacac,a
cbbbacba,c
babacabacabac,ab
bacbaccabab,b
abacababacb,ab
bcabacacabac,bc
cababacababaca,c
baccabab,ab
bcabbabacb,bc
ccabacabacabacabac,abc
bacbaccabbaca,ab
abacabacabacabacabacaba,ab
abcbbbba,a
ababacabb,ab
babacabab,ab
acbacbacbacabacaba,a
acabacacbabacabac,ac
abcabacbabacb,a
cbacbacabacabacaba,c
abcabcabca,a
cabcabbabacb,ac
cabcabcabcabacabacab,ac
bacbacbacacabab,b
bacbacbacabacaca,b
cbacabacbaba,bc
acbaccabacabacac,ac
bcabcabacbb,b
acbacbacbacbacabaca,ac
baccabacababaca,ab
acabacababacb,ac
ccabc,ac
abcabcabbba,ab
accacabac,ac
bacbacbacacba,b
abcabcabcabbba,a
cabacbaba,c
cbacbacbacbacbacc,c
bcabacabacacaba,bc
bcabcabcabacababacba,bc
cbacbaccabacaba,bc
bacbbaba,b
acbacbacbacbacabac,ac
cabcbabaca,ac
cabcabacababa,ac
cbaccabacabac,c
bbabacabaca,ab
bcabbacacb,b
bcbacabacabacb,bc
baccabacabacabac,ab
ccbacabacabacba,bc
cbacacbabac,bc
bacbacabacacabac,ab
bbacabbba,abc
bacabacabacabacabacb,b
acbacacabaca,a
cababacbb,c
bcabcbac,b
bacabacbabac,b
bcacabaca,b
acababacba,ac
cabacabacbbaba,c
cabcacabac,c
cabcabcabcabc,c
bcabcabacacb,b
cbabacb,c
bcababacbaba,bc
abbacabacabacaca,a
cabcabcabcabacabac,ac
cbacbacbacbaccb,bc
bbacac,abc
abcabacabacabb,a
abcabacacbba,a
bacababacb,b
cbaccbacab,c
bacbacabacababac,ab
bcabcabacabab,b
acbacbacbacacaba,a
bcabbbba,b
cabcabcabacabaca,c
cabcabacababacac,ac
bcbacabacabac,bc
cababacba,c
acabacbabacaba,ac
cbacbacacabac,c
acbacbacabacabacaba,ac
cbacacabacaba,bc
acacabbba,ac
bbacabacabb,abc
bbcab,bc
bacababacabacb,b
bcabbacabacabacab,b
baccabc,b
acababacabacaba,ac
abacacbb,ab
acbacabacbabac,a
acbacbacabacba,ac
acabbab,ac
cabbacabacabac,ac
bcacaca,b
bacbbab,b
abacabacabab,ab
acbacbaccacb,ac
cbacbacbbba,c
acabacababacabac,ac
cbacbacabacabacacb,c
bacbaccabaca,b
abbacabacac,a
ccbaca,bc
acbacbaccabacabaca,a
cabacabacababaca,c
cabbaccaba,c
bacabacabacabacabb,b
abacacabacabb,ab
abbacabacacab,a
cacabbba,ac
cbacababacb,bc
cbacabacabacabab,bc
abcabcabba,a
acacabacabacabac,ac
abacabacbab,ab
bacababacabacabacabac,b
cabcabacbac,ac
bcabcabcabaca,bc
ccacabacabacab,ac
cbacbacbacbacabac,c
bacabbbb,b
cabcabcabbba,c
bcabacabacbabac,bc
abacbbaba,ab
abbacabbba,a
abcabcabbacaba,a
cacabacabac,ac
abacbabacab,ab
cbacabacabacabacb,bc
bbbacabac,b
cacababa,ac
acacababac,ac
bcabcabcabcabacab,b
cabacabacacabba,c
babacabacaba,ab
abcabbacbb,a
bcabcabacbaba,b
cabcabcabacba,c
acbacababac,a
acbacacabacababa,a
abcabbacabaca,ab
cabbaccab,c
ababacabacabb,ab
acabacacababa,ac
bbacabacaba,abc
bacacabacba,b
bacabacbabacaba,b
acabacacabacb,ac
abcacabacab,ab
abbacacbacab,a
abacabacabacabba,ab
bcabacbacb,bc
cccb,c
cabcabacacab,ac
cabacabacacabacba,c
cbacbacbacabacabacabac,bc
bcabacacabab,bc
bcabcababacba,b
bacabacbaba,b
bbbacb,b
acbacabacacb,a
abcabbacac,ab
cbacbbabaca,bc
cabbacabacabacb,ac
cbacbabacba,bc
cbacbabacabab,bc
abcabacbabacabac,a
cbacbacbacabacacaba,bc
cbacabacabacacb,bc
cbacbacbacacabaca,bc
abacababacabacb,ab
acabacabacacaba,ac
cbacbacbacabacac,bc
abcabacabacabacabac,a
cbacbacbacaba,bc
bacabacacabba,b
abcabacabb,a
abcabcabcabcabacb,ab
accabacabacb,a
cbacacabacabacabac,bc
bcabcabacabacb,b
bcabcabcabcba,b
acbaccabbacabacab,a
cabcabcabcabcabcabacaba,ac
abbbbb,a
abcabacabacabacbacb,a
cbacabacbbba,bc
acabacabacbba,ac
bacabacbabacabaca,b
cabcabbabac,ac
ccbacb,bc
abcbacab,a
bacbbb,b
bcabcababacabacab,b
bbacacabacacabac,abc
bcabcbba,b
cabcabcabcabcabcaba,ac
cbabacacb,c
bcabacacabacacb,bc
cacabacabacabacabac,ac
abacabacacabacabacabacab,ab
acbaccabacba,ac
bcabcabcababacaba,bc
abcacbba,ab
abcbabacbb,a
abcabacababacab,a
baccabacabacb,ab
cabcbabacabacabb,ac
cbacabacacabacabacabac,bc
bacbacabacabacabacabaca,ab
acabacabacabacacb,ac
accabacabacabacab,a
acbacbacbacabacabac,a
acbacacabacabac,a
cbacababacab,bc
bcabcabcabcabacabacabacaba,b
bbacabacabacac,abc
abacbabaca,ab
bcabacabacabacabacaba,bc
baccabacabacabacabac,ab
cababacabacabaca,c
bcacabacaba,b
acacbacaba,ac
ccabba,ac
acbacabacabba,a
abbabacabacabacb,ab
cbacabacacabac,bc
cabbacabacba,ac
cabcabcaca,ac
acacabacabab,ac
bcabbacabacba,b
bacbc,ab
bacababacabacab,b
acbaccbb,ac
acacabacababac,ac
ccababacabaca,abc
bacacabacabab,b
cabbacabacaba,ac
ccacba,ac
cbacbacbacbacbacabaca,bc
bacbacbaccacabac,b
acababacabacabab,ac
bacbacbacbacacab,ab
accabacbba,a
bacbabacabacabaca,b
bcacbba,b
cabcbbab,ac
bcacbb,b
cabacababacb,c
cbacbaccbb,bc
ccabcab,ac
accababacab,a
cabcbacab,ac
bacbacbaccabaca,ab
accacabacabac,ac
abcabacacb,a
cbaccabacabacab,c
abcabcabacabacabac,ab
abcabcabcabcba,ab
cabcabbacacb,c
cccabaca,c
cabacbabacb,c
bacbaccabbac,b
abcabcabcabacabaca,a
ccbacbb,bc
cabcabcbaca,c
bbcabac,bc
babacabacab,ab
bcabacabacabacabacabacab,bc
cabacacbac,c
bbacabacabac,abc
cabacabacabacabbabacabab,c
acacabacabacabacabacabac,ac
acacbbab,ac
cababacababacab,c
bacacabacabacbb,b
cbacabacababaca,bc
cabbbb,c
acabacbacabaca,ac
cbacacabab,bc
abbabacabacabacabac,ab
abcbabacac,a
cabbacabacabacaba,ac
ababacabacabacabacb,ab
bacbacababacaba,ab
cabbacabacabacabaca,ac
acbacbbbaca,ac
acbacababaca,a
bcabbaccb,bc
cbacbacbacbacbacbac,c
abbabacab,ab
cabacabacababa,c
abcabacbac,a
acbbb,a
cbaccabacabacabacb,c
baccabacabac,ab
abcabcabacabacabb,ab
ababacabacabacba,ab
acbacbacabb,ac
cccabac,c
bacabacbab,b
cabcababacacb,ac
abacacabacac,ab
cbacbacacababac,c
cbacacabacaca,bc
cabcabacbacab,ac
bcabcabcabacabb,bc
cacbba,ac
acabacabacabacababa,ac
acbacbacbacbb,a
bacbacabacabacacab,ab
bcabcabcabcababa,b
cbacbacbacacab,bc
cbacbacacabacab,c
cbacbaccabacb,bc
acabacacabacababac,ac
cabcabcabacbba,c
cbacabacacababac,bc
bacbacbacabacac,b
abcabcabacabacbb,ab
abcabcabacabba,ab
cabcabacabacabacabaca,ac
abcabbacaca,ab
bacabacacabacb,b
accababa,a
bbacabacabacab,abc
babacabacba,ab
abbacababaca,a
bacbacbbab,ab
bcacababacab,b
cabacacabacab,c
cabbacabacb,ac
bacabacacbba,b
bbacacabacabacab,abc
acabacacabacba,ac
acbca,a
cbaccacabac,bc
cabacbaca,c
acababacacaba,ac
cabacabacabacacaba,c
bacbacababaca,ab
acacabacabacabacaba,ac
acabacabacabacabacba,ac
abbacc,a
bcabcabacac,b
bcbacababac,bc
cbacbacacabaca,c
cbacabacbabacab,bc
ccabcba,ac
baccbab,ab
cbacacabacba,bc
bacababacabac,b
baccabba,b
bbcabaca,bc
acabacbbaba,ac
abacbacab,ab
bacbacbacbacba,b
bcabacabacabacabb,bc
abcabacbabac,a
abcbabacb,a
bbabacabacb,ab
accbacab,a
bcabacabacabacabacab,bc
abacbbb,ab
bacabacacabacab,b
abcacabacba,ab
acabacacabacab,ac
abacabbaba,ab
bcabacbabacabac,bc
cbaccbacaba,c
acabacabacabacacba,ac
bcabcabacabba,b
abacabacabacabacb,ab
abcabacabacbba,a
bacbacbacabacabacacab,b
cacabacacb,ac
abbacbabac,a
bacbacabacabacabaca,ab
acbabacabacabacb,ac
bbc,bc
accabacabacabaca,a
abcabcabcbab,a
bcabcabcabcabcabacab,bc
abcabcabcabacababac,a
accabbacab,ac
cabcabbacaca,c
abcababacacb,a
acbaccabbac,a
bacabacabacabb,b
cacabacabacba,ac
cbacacbac,bc
accabbabac,a
ccacabacabacb,ac
cbacabacabacacab,bc
cbacbaccabaca,bc
acabacbbbba,ac
bcabcabbacbba,bc
cabbbaba,c
abacababacababac,ab
acbaccbba,ac
bacabacacabac,b
acbaccabacb,ac
bacabacacabacbba,b
cbacbbaba,bc
cabcababacabacbb,ac
cabacbbba,c
cabbacabacaca,ac
acbcab,a
abacabacabacabacabacab,ab
cababacabacabac,c
bacacabacbab,b
cbacacabacababacb,bc
abcabbab,a
bacacbb,b
bacbbbb,b
acabbbaba,ac
abcbacabacababacab,a
abcabcabacabacabacaba,ab
cabcabacabacabacabacabacabacababacab,ac
abbacabacabacabacabac,a
acbaccabacaba,ac
acbbbaca,a
cababacaca,c
cbaccacabb,bc
acabacbacabacacb,ac
acbacabacabacbba,a
abbaccabacab,ab
abcababacabac,a
bacabacabacabacba,b
abcabcabcabcabcabcabcab,a
cabacacabacb,c
cabacacabacba,c
abcabcbac,ab
bacbacbacbacbacbacabac,ab
abcabcabcabcabcabcab,a
bacbacabbabac,ab
acbaccabacabac,ac
cbacabacabacabacabac,bc
abcababacabacab,a
acbacababacabcbabaca,a
abacabacabacabacbabacaba,ab
acbacbbbb,a
abcabcabbacabacb,a
bbacabb,abc
acbacbaccba,a
acbbbacaba,a
abcababacabacabab,a
acacabacabb,ac
bacabacabacacabacb,b
bacbacbacabacacab,b
bcabacabacabacabaca,bc
abacbbabaca,ab
cacabacac,ac
bcabacbbabac,bc
cabacbbabac,c
ccabacabacabacab,abc
cabbacabacbb,ac
abcabcabacababacbb,ab
abbacacba,a
bacabacbabacba,b
bacbacbacabacbba,b
acabacacabb,ac
bacacabacacabacabac,b
bcacabb,b
abcabcabacabacbbb,ab
bcbabacacab,bc
cbabacacab,c
accabbba,a
bcabcabcabacabacabac,bc
cabacbacabaca,c
baccacabacabaca,b
bcabacbbab,bc
acbacacabb,a
abacababacababaca,ab
cabacbabacaba,c
bacababacba,b
cbacacabacabac,bc
abcabcabcabacababaca,a
ccababa,abc
cabacacabacabba,c
cbacacabacb,bc
bcabcabcabcbac,b
acabbaba,ac
bcabcabcbacbb,bc
baccabacabab,ab
bacbacbacbacbacbacbac,b
abacabacabacbb,ab
cbacbacbaccabbac,c
bacababacacb,b
cabacbabacab,c
bacacbacab,b
accbaba,a
cbacacabacbba,bc
cabbabacb,c
babacba,ab
abcabcabcabcabcab,a
bbacacaba,abc
cabacabacabba,c
bacbacacabacabacaba,ab
abcabcabcabcabcabacabacb,a
baccbacabbba,ab
bcabcabcabacabacb,bc
acbabacabacabac,ac
bcababacabacabacabacabba,bc
bcabacabacababa,bc
abacababacabacaba,ab
abacababacac,ab
accabacbab,a
cabacabacabacabacba,c
bacbaccabacb,b
bacbacbbba,b
acbacbbab,a
bacabacabacacba,b
cbacbacabacabacacaba,c
bacbacababa,ab
cababacabacac,c
bbacacba,abc
cabcbabacab,ac
acbacabacabacababaca,a
bcabcabacabb,b
bcabacabacacabaca,bc
bbbabac,ab
accabc,a
cabcabcabcabacbb,ac
abacabacacabacabac,ab
bcabcabcabacbb,bc
bacbacbabac,ab
bcabbacabab,b
bacbacbacabacbb,b
abacacbacb,ab
acbacbacbaccba,ac
cbacbabacbb,bc
abcabcabacbacab,ab
bbacabacac,abc
bacbabacabacb,b
cabacabacabab,c
accabacabacabacaba,a
ccabacabacabaca,abc
bcabacababacabacabac,bc
ccabacabbb,abc
bacbacabacababa,ab
bacbacbacbacbacbac,b
acbaccabacacb,ac
abcababacba,a
bcabcabacabacabaca,b
bcbabacabacabaca,bc
acbacbacabacabba,ac
bcabcabcabcabacabac,b
cbacbacbacabacacabacaba,bc
acabacacabab,ac
abcabcbacab,ab
cbacbacbacbba,bc
cbacabacacabacab,bc
acabacacabacabba,ac
bacabacabacabacabaca,b
abacbacba,ab
cbacbacabacabacabaca,c
bbacabacacab,abc
bcabcabbabacaba,b
cabcabcabcabacabacaba,ac
cbacbacbbabaca,c
bcabcabcabcababaca,b
abbbbab,ab
abacababacabba,ab
acacabacabacabaca,ac
abacacabacaca,ab
cbcabac,bc
abbacababacaba,a
accabacabb,a
cabacabacbab,c
cabcabbacba,c
abcabcabacabacabacabac,ab
cccabacabac,c
acbcaba,a
bacabacabacabab,b
bacabacbacb,b
bacbacacabacacab,ab
cabcabacbb,ac
bcabacababacabac,bc
abbabacb,ab
cbacabacababac,bc
acabacbac,ac
abcbacbac,a
bacbacbabacabac,ab
acbacababacab,a
abcabcabacacaba,ab
bcabcabcabcabcabcabcaba,bc
abacabacbacab,ab
cabcabcabacababac,c
abcabcabacababa,ab
abcabcabcabab,a
abacabacabbb,ab
acbabacabacabacabacb,ac
bacbaccabcaba,ab
bcbacabac,bc
abcababacababac,a
bcabacabacacbb,bc
cbacbacbabac,c
cabacabbaba,c
cabcabcac,ac
bacabacababacaba,b
abbbba,a
bcabacabacababac,bc
abcabcabcabcabcabcabcaba,a
bacbacabacabacabacab,ab
bacabacacabacabac,b
bacbaccabacabac,b
cabcabbba,ac
acbacbaccbacab,a
acbacbacbbbac,a
accacabaca,ac
cabcabcabcabacbba,ac
bcabacacbba,bc
acabacababacaba,ac
cabcbabacababac,ac
cbacbacbacabacabb,bc
acbacabacababac,a
bacabacabacac,b
acbacbacbacabacab,a
acabcab,ac
cabcabcabcabaca,ac
cabacabacacabacaba,c
bcabcabacacabacaba,b
cabcabcabba,c
abcbacbba,a
bcabacababacabacba,bc
bcabcabcabacabaca,bc
cabbacacabacac,ac
bacabacabbb,b
cabbacacabaca,ac
cabcabacabacac,ac
bacbcb,ab
bcabbacabacb,b
bcababacacaba,bc
acbaccbabac,ac
cccabacabacaba,c
abacabacabacbba,ab
cabbacacab,ac
acbacabacabacacaba,a
bcabbacabacabacabacb,b
ccbacabbba,bc
abacabacacabab,ab
cabcabcabcabcaca,ac
acbacbacacabab,ac
bacbabacaba,b
cabcabacabacabacabac,ac
cabacabacabacabacabb,c
cabcabcabcabcabacb,c
bacbacabacbb,ab
bcabcca,bc
accabacaca,a
bacbacabcabac,ab
cabacabacabacabacabaca,c
bcabcbacab,b
bcabacabacababacabacabac,bc
cabcababacabacb,ac
abcababacabacaba,a
acbacbacbacbacaba,ac
acabacacbb,ac
abbacacaba,a
cabacabacababac,c
cabcbabacabaca,ac
acacabacacaba,ac
bcbabacabacab,bc
bacacabacabacb,b
ababacabba,ab
bacbacbacbaccab,b
abacacabacacaba,ab
acabacacabacabac,ac
acbaccababacb,ac
bacbacacababa,ab
bbbacabacaba,b
abcbaba,a
baccbacba,ab
cabacacabacabac,c
abcabcabbb,a
acbacbbaba,a
cbbc,c
ccbcabacabacaba,bc
cabacababacabacabaca,c
cabcabcabcabcababac,c
bacbacacabacb,ab
abcabcabcabacabacaba,a
abcababacabaca,a
cbacbacabacababa,c
acbacbacabacacab,ac
cbacbaccbba,bc
cbacbacbaccba,c
bacabacabacababaca,b
cbacacabacac,bc
bcabcabcababacb,bc
baccbaca,ab
bcabcabcabacababa,bc
bcabcabcabcabcabacaba,bc
abacabacbbab,ab
bcabacbab,bc
bbbacbb,b
cabcabacabacabacb,ac
bacabacabacabacac,b
acabacabacabacabaca,ac
ccbacabacab,bc
cbacabacabacacba,bc
acabacbabac,ac
baccbacab,ab
bacbbbacabac,ab
bacabacabacabacacba,b
cabcbacabac,ac
cccac,ac
accabacabab,a
cbacacabacbb,bc
baccabbaca,b
cbacababacabacabac,bc
cabcabbacabaca,c
cabbacabacabacba,ac
cbacacbacab,bc
cbabacabacacbb,c
bbabacaba,ab
bacacabba,b
cacabacacba,ac
bcabcabacabacabacabacabaca,b
bcacabacac,b
cabcababacbba,ac
acbacababacabac,a
bcabacacbbab,bc
cabacababacabacabacab,c
bacbacbacbacbacbaca,ab
abbacabacabacbba,a
bcabcabacabacac,b
abcabbacacab,ab
cabcabacbacaba,ac
abacabbab,ab
abcabcacba,a
bcbacababacaba,bc
cbacacbacabacb,bc
cabacabacabacabb,c
cbacabacabacabacaba,bc
cacabacabaca,ac
cbacabacbbaba,bc
cabcabcababac,c
abacbabacabacab,ab
bcabcabacabacbab,b
bcabcababacab,b
abacabacbbabac,ab
ababacbba,ab
acbbabacab,ac
acbacbacbacbacbacbac,a
cabcabbacabac,c
bcabacbac,bc
baccbacaba,ab
abbacababa,a
abbabacba,ab
acacbacb,ac
cabbabacabacbabacaba,c
abacacabacabaca,ab
abcabcabcabbacab,ab
abacabacabacabacabbb,ab
cabcabcabbaccab,c
bacbacabacabacabacba,ab
cabacabacabacababa,c
abbacbb,a
cbacbacabacaca,c
abcbacabac,a
acabbabacaba,ac
acbacbacbacbacbacabaca,a
bacabacabacabacabac,b
abcabcabbacabacab,a
bcabbbab,bc
abbaccbb,ab
cbacbacbaccabacab,c
abbacabacabacabacaba,a
cabcacabacabacaba,c
abcabcbabacabac,ab
bacbacbacabacba,b
cabcabcabcabcabcb,ac
acbacbbba,a
abbacbab,a
babacabacacab,ab
abcabcababacab,ab
bacababacac,b
abacacababacb,ab
babacababac,ab
bacabacabacbbabacaba,b
cabacbbabacababacaba,c
abcabcbabacaba,ab
abacababacabacabaca,ab
cbacababacabacabacab,bc
acbacbabaca,a
cabbacacabacaba,ac
cbabacabacabacab,c
cbacacabba,bc
abcababacbba,a
acbacabacabacacabacab,a
acbacbacbacbba,a
bcabcababacacabaca,b
baccabbb,b
abcabbacabacabacb,ab
acacababaca,ac
acbacabacabacacb,a
acbacbabacaba,a
abcabcabcababa,a
acacabacabacabacabacabacabac,ac
bcabacacabaca,bc
abacabacacabacaba,ab
cabbacabb,ac
cabcabacabbba,ac
cbaccabba,c
cbacbacbacabacab,bc
abacabacacabaca,ab
bacabacabacabacacb,b
bacbacabacabacabacabacab,ab
abcabcababacabac,ab
babacababaca,ab
acacbacabacabacab,ac
cbacbaccababac,bc
cbacbabaca,bc
bcababacacba,bc
cbacbaccabab,bc
cbacbacabacababaca,c
bacabacabacabba,b
bbacababac,abc
acbacbacbab,ac
bacbacabacabacabac,ab
cabcabcabcabcabacabacab,c
acbacacbab,a
abcacababa,ab
abcbacabaca,a
ababacacabac,ab
cabcabacbab,ac
cabacabacabacabacabac,c
ababacabacac,ab
acacababacabacabac,ac
bcababacabacaba,bc
abcabacabacabacba,a
cbacbacabacbba,c
acbacbaccabacabacaba,a
bacabacacabab,b
cbacbbabac,bc
cacabacba,ac
bacacbbb,b
abbacabacabacabacba,a
cbabacbba,c
bacbacbacbaccaba,b
cbacbacabbb,c
bbacbacba,ab
ccbacabacaba,bc
cabcabacabbb,ac
cbacacabacabacba,bc
bcabcabcabcabac,b
bacbacbbabac,ab
acabacababacabacabac,ac
bcabcabcbaca,bc
abcabbaba,a
cbacbacababaca,c
bacabacabacabacabacaba,b
abcacabbba,ab
bacbbbacba,b
acbaccac,a
acbaccabacabab,ac
bbacbaca,ab
bcabacabacbaca,bc
cbacbacabacacab,c
cbaccaca,bc
acbacabacacabacbba,a
bcabcabacababa,b
bacbaccbba,b
abcababacbb,a
bcabacabacabacbb,bc
cabacbbaba,c
bcabacabacacab,bc
acbacbacbacaca,a
cabcabcabcababaca,ac
abacabacacabacab,ab
bacbaccacba,ab
acbacbacacabacabac,ac
bacbacbacbacabacbb,ab
cacbabac,ac
cacabacabacb,ac
ccbcabacabacb,bc
bbacabacababac,abc
bcbabacbba,bc
cabcabbabaca,ac
accabacababac,a
bbbb,b
cbacbacbacbacc,c
acbacbacbacababa,a
bacacabacacb,b
acacbacabac,ac
bacbacbacbacacb,ab
acabacabacabacabacabaca,ac
cabbacabacac,ac
bacbacbabaca,ab
cabcabcabcabcabcabcabcab,c
abbacabacababaca,a
cbacbabacabaca,bc
cbaccbab,c
bacbaccabacabacb,b
cabcabbacac,c
abcabcbacba,ab
bacbacbacabacabacabac,b
bcabacababacb,bc
bcabcabacabacbb,b
abcabacabacabacac,a
acabacabacabacababaca,ac
cabacabacabacacab,c
acbaccbacaba,ac
acabbabacabacabacabacab,ac
abcabcabcabcabac,ab
acbabacbb,ac
acbacabacabacabacaba,a
cbacababacabac,bc
acbacbaccabaca,a
bacababacabacaba,b
bacbacabbba,ab
abcabcacabacaba,a
cabcababacabaca,ac
cababacacbacab,c
bcabcabcabbba,bc
bacbaccabacaba,b
abbaccb,ab
bcabbbaba,bc
bcabacabacabacacb,bc
acabbabaca,ac
bacabacababacab,b
cbacacbaca,bc
ababacabab,ab
bacabacabacabbab,b
cbaccabbabac,c
bcabacabacabacaca,bc
abcacabb,ab
babacacbac,ab
abcabcabacbbb,ab
bcabcababacabacabaca,b
acbacabacabacacba,a
bcabacabacababacab,bc
abbacabacabaca,a
baccababacba,ab
cabcabacabacabacabacab,ac
cbacbacbacabacaba,bc
bcabcbbab,b
cababacabb,c
bbcaba,bc
cbbbacb,c
babacabacac,ab
accbacabba,a
cabacbbb,c
abacabacabacabacabaca,ab
cabcabbacabacb,c
cabacabacabacacba,c
abcabcabacababacacabaca,ab
bcabcabacabacaca,b
bcabacabacabacabacb,bc
bacbacabacabacaca,ab
bcabacbabacb,bc
acabacacbaba,ac
abacabacababacac,ab
cabacabacacba,c
bcabcabbacaca,bc
bbabacabac,ab
bcabcabcabcabbaca,bc
cabbacc,c
acababacabacabaca,ac
abcabacabacabacabacabac,a
cacabacacabaca,ac
bacbaccabcba,ab
cabcacababaca,c
bacabacbaca,b
bcabcabcabcabbacab,bc
abacabacbabacabac,ab
cabcabacaca,ac
acbacbacbacbacabacabac,ac
ccbcaba,bc
cabcabcabacabab,c
bcabacbbaba,bc
bcbabacabacaba,bc
bcabcabcbacabac,bc
accabacacb,a
bacabacacabacba,b
cbacabacbac,bc
acabacabacabacabacbba,ac
cabbacca,c
abacbabacacabaca,ab
acabacabacabacabacabacbb,ac
baccacba,b
bcabcabbaccab,b
cbacbacbacababacab,bc
bbabacababacabacab,ab
cabacbbbbabac,c
bacbacbab,ab
acacaca,ac
bacacababac,b
bacbbbacaba,ab
bacbacabacacabaca,ab
cabcabbacabacaba,c
cabcacabacab,c
acabacababacac,ac
bbacbabacabacaba,abc
abcabcabbabacab,ab
abcabacbaca,a
cabcabacabacaca,ac
bacababacbba,b
bacbacabacabacabab,ab
abcabacabacacba,a
bcabcabacbac,b
cbacbaccabacabaca,bc
acabacabacabacabb,ac
bacbacabacabacbb,ab
acbbbacab,a
abcabacabacbaca,a
bbbacabacb,b
baccabacbb,ab
bacabacabbba,b
bcabacabacbacab,bc
acababacababac,ac
abacabbabacba,ab
bcabcabcbacbba,bc
cbacbacabacabacacab,c
cbacbacacbba,c
bcabcababacaba,b
cbacacabacabacbb,bc
cbacacababac,bc
abcbabacabacbabacaba,a
bacbacacabab,ab
cabbacbaca,c
cabcabcabacbac,c
acbacabacabacaca,a
cabcabbacacba,c
cabacacabacabacaba,c
bcabcabcabacababac,bc
ccbcaca,bc
abcabcabbaccab,a
cabcabbaccaba,ac
bacacabab,b
bacbacabbaba,ab
acbbbacabacabacabacabac,a
acabacacbba,ac
cababacabab,c
abcababacacba,a
abacabacabacabb,ab
bcabcabcabcabacb,b
bcabacbabaca,bc
acacabacbb,ac
accabacababaca,a
cabcca,c
abcabcababacabacab,ab
acbacbacbacbacbba,ac
acabacbabacab,ac
bacabacabacabacabacbba,b
ccacabac,ac
cbacabacacabaca,bc
cbaccacabacaba,bc
abcbbab,a
abcababacacab,a
abcabbacabacabacab,ab
abcabacabacababacabac,a
abbacababacabacaba,a
cbaccabacbba,c
acacabacababacaba,ac
bcabcabcabacbab,bc
acbacbacbacbaccb,a
abcabbabac,a
cabcabacabacbb,ac
acbacacbbaba,a
bcabcabacabacabab,b
ababacabacabacaba,ab
abcabacabacabacabacab,a
cabacabacabacabacabacabacaba,c
bacabacabacabacabacabacbba,b
acbacbacabacaca,ac
abbacabacbba,a
babacabacaca,ab
cbacbbbba,bc
cbacabbba,bc
accbacb,a
cbacbacbbbacaba,bc
cbacbacabacabb,c
acbacbacabacabacabacbba,ac
abcabacababacabac,a
cabbabacabacabacabaca,c
acbacbacbbbba,ac
cbacabacacabacabaca,bc
abacabbabacaba,ab
acbacbacacabacab,ac
abcabcabcabcabcabacaba,a
abcabcabacabacbba,ab
acbacbacbbabaca,ac
abacabacabacaca,ab
baccabacabacba,ab
bacbacabacabab,ab
cbbabacaca,c
cabcabacabacababaca,ac
cabcacabacaba,c
ccabb,ac
cabbbbb,c
ccabcaca,abc
abcabacababacacb,a
bcabcabcabcabbac,b
bbcabab,bc
abcabcabacabacabacb,ab
cabacabacabbb,c
cbacacabacabacabacb,bc
acbacbacabba,ac
cbacbacbacbb,c
cbbbb,c
bcabbaccba,bc
cbacbabacacab,bc
accacabacba,ac
cbacbacabacbb,c
abcabcabcabcabacabacaba,ab
abcabcbbba,ab
bcababacababa,bc
acabacacabacaba,ac
cbbabacab,c
bacbacabbabacab,ab
bcabcabacabacabacac,b
bcbabacacaba,bc
cabcabcbb,c
bacabacabacabacabacaca,b
bacbacbacbacac,ab
acacababacaba,ac
bcabbacca,b
cbacababacac,bc
abcabacbbba,a
abbacbbabaca,a
cbbbabacab,c
bcababacabacabac,bc
bacabacbbab,b
bacbacabacacabacabac,ab
cbacacbacabac,bc
acbacacabacabacab,a
acabacbbbab,ac
acbacbacabab,ac
acbaccabab,ac
bacabacabacabacabacacb,b
bacbacbacbacacba,ab
cabcabacabacabacabacabac,ac
abcabcabcabaca,a
bacbacabacabacac,ab
abcabccb,a
abcabbacacb,ab
ccbacba,bc
bacbacbacbacabacabaca,ab
ababacababacab,ab
abcabcabcababac,a
cabcabacbca,ac
abcabcabcabacba,a
cbacabacbaca,bc
cbaccacabaca,bc
bacbacabacbaba,ab
bcbacbac,bc
cabcbbb,ac
cbacabacabacbba,bc
accabacabacabacabac,a
bacbacacabbba,ab
ababacabacabaca,ab
abbacacabac,a
bcabcabcabbacab,b
acacabacacababacba,ac
cabacabacabacababaca,c
cabacabacbaca,c
bacacabacabacabb,b
cbaccababacaca,c
acbacbacbacbacab,ac
bcabcabacabacabacabacabacaba,b
abacabacabacacba,ab
bbbacabaca,b
bcabcabacabacabacabac,b
abcabacababacabacaba,a
bcabbabacabacabaca,bc
cbacbacbacba,c
abcbabacabacab,a
cabcacbb,c
cbabacabacb,c
accabacabacabacaca,a
ababacaca,ab
cbacacabacacab,bc
bcabacabacbab,bc
abacabacabacbaba,ab
abcabcabcabb,a
cabacacbabaca,c
acbacabacabacabacabacab,a
cbacacabacabacabaca,bc
bacbacabacabba,ab
bcabcabacabbb,b
cabcbacbba,ac
bacacabacabacabaca,b
acababacaca,ac
cabacabacabacabacbabacabac,c
bacbaccbaca,b
bcbacabacaba,bc
cabcabbacabacababacbb,c
abacbabacacabac,ab
acbacacbacab,a
cabcabcabbaccaba,c
cbacacabacabacab,bc
bcabcbbba,b
cabcbacabaca,ac
bacbbabacab,b
abcabcabcabcabb,a
cbacbacbabacaba,c
abacbaca,ab
acabacacabacabacba,ac
acbacababacabacabacabacab,a
cabcabacacaba,ac
bcabcabcabcacb,bc
abacacabacabacabac,ab
cbaccacab,bc
bcabcabbacab,bc
bcabacabacabb,bc
abcabcabcbac,a
cabcabacabacabacabb,ac
cabcabbacb,c
cbacbaccbaca,bc
baccabacacb,ab
cabbacabacabacabacabacabacb,ac
bacbacabacacabab,ab
cabcabcacabacab,ac
bbacabacaca,abc
bacbacbacbacbacabacac,b
acacbabacabacab,ac
bacbabacba,b
baccabbacaba,b
bcabbbb,b
abcabcbba,ab
acbabacabaca,ac
acbacacbacb,a
acbacabacacabacaba,a
cbacacabacabb,bc
cbacbacabacabacabacabacabacaba,c
acbacbacbacba,a
cabbacabacabacab,ac
cabacbabaca,c
acbacbacbacbacbaccb,ac
abcabcabcabcabbaca,a
acbacacabacabacb,a
acbbbacabb,a
cabcabcbacabacabaca,c
bcabcabbacabaca,bc
abbbaba,ab
bacabacabacbbb,b
cbacbacbbbac,c
abcbabacba,a
cacababacaba,ac
accacbba,ac
cabcabacbabacac,ac
acbacbacabacbb,ac
abcabcabcabbaca,ab
bcabcabbacbb,b
ccabacababacba,abc
acbacbacbacabacabaca,a
abbacabacba,a
acacbacab,ac
abcabcabcabcabcabacab,a
baccabacacaba,ab
bcabacababacac,bc
acbbbb,a
abacbacabac,ab
cabcacabaca,c
cabbacababac,ac
bacabacabacabacabacac,b
bcabacbaba,bc
cbacbacbacbacabacabac,c
bbacacabacabaca,abc
bcabcabbabacba,b
cabcabcabcabcabbaca,ac
acbacababacabacb,a
acabbbb,ac
acabacababacabacab,ac
cbaccbacabac,c
cabcabacabacbba,ac
cacabba,ac
acabacabacababacb,ac
cbacbacabacabacac,c
acbaccababa,ac
ccbcabacabacabaca,bc
cabccabac,c
acbabacabba,ac
accababacabacabacab,a
bcabacacabacaba,bc
abcabcabcabcabcabcaba,ab
acbacbacbacb,a
abacababacba,ab
bacbacabacababaca,ab
ccababaca,abc
abcabcabcacba,ab
acbacbacabacabacac,ac
acabacacbab,ac
cbacabacacabab,bc
bacbbbaca,ab
bcabcacba,bc
bacbacbacbacbacbacacb,ab
baccacabacabac,b
bacbaccabacab,b
acabacababacabb,ac
bcabacbabacab,bc
cabbabacabacabaca,c
bbabacac,ab
bbabacabacaba,ab
acbacbaccacabacab,ac
bcabacababacabacaba,bc
bcabcabcbabac,bc
bcababacabacabacaba,bc
accabacacabba,a
bcabcabcbacab,bc
bacbacbacbacacbac,ab
abacbabacabacaba,ab
abcabacabacababa,a
bcacabacb,b
bacacabacabacacabac,b
abacabacababacab,ab
cabacababacabacabacaba,c
cbacabacabacababac,bc
cbacabacababacab,bc
acabacabacabacac,ac
cbacbacabacacabaca,c
bcabacacabacb,bc
bacbbabacb,b
acbacabbabaca,a
bacbacacabacabacab,ab
bacabacabbab,b
bacbaccababa,b
acabacabbaba,ac
bcacababac,b
acabacababacbba,ac
cabacababacabacb,c
cbacbacabacabab,c
abacbabacabacba,ab
cbacababacabaca,bc
abcabcabcabba,a
cbaccabab,c
bacabacabacacab,b
acbacababacaba,a
acbacbacacbacabacb,ac
abacababacacba,ab
cbacabacacabacb,bc
bcabcabcabcabcabac,bc
ccbcabac,bc
acbacabbba,a
cabacabacabacbb,c
cabacabbabacb,c
bcabacababacacb,bc
bcabcababacabacabacabac,b
cbacbacbab,c
bcabcabacabacacba,b
bacbacacabba,ab
acbacbabacab,a
abacabacababacaba,ab
cabcabbacababa,c
abacabacababacabab,ab
bcbacabab,bc
bcabcabbacabacba,bc
acabacabacacbba,ac
abcabcabacabacabacababa,ab
acbaccabacabacab,ac
bcabcabacababaca,b
accabacabacabab,a
acabacabacabacacab,ac
cabcabcbacab,c
acbaccaca,a
bacbbabacaba,b
ccbbaba,abc
abcabcabcabcabcabc,a
abacabacacabacabacacab,ab
acbacbacabacabacabac,ac
acbacabacabacacab,a
abbacabba,a
bacbacbbabaca,ab
bcabacacabacabac,bc
cabcabacabacacb,ac
cabbacacaba,ac
bcbabacba,bc
bcabacabacabacabacac,bc
bcabacbabacaba,bc
bacacabacacab,b
cabacacbb,c
bacbacabacabacabacacb,ab
cbacbacbacbacac,c
accabacabacabacabacb,a
cababacabacba,c
cbacbacbaba,c
bacbbbba,b
cabacababacbba,c
cbacbacacabba,c
bbacbac,ab
bcabcabacaca,b
cabacabacacabaca,c
bcababacbba,bc
bacbacbbbb,b
ccbab,abc
ababacbbab,ab
acbaccbacbb,ac
acbacabbbab,a
abcababacabacb,a
cababacacaba,c
cabcabacbbb,ac
abbc,a
abcabbacabb,ab
cbbbacabacabac,bc
abacabacabacababac,ab
cabcabacabacabacabacb,ac
acbabacba,ac
cbaccabacacabac,c
bcabacabacabacabacabacabacba,bc
cababacababa,c
bacbacbacbacabacabac,ab
bcabcabacacab,b
cabcababacabbabacaba,ac
bacababacababac,b
cbaccbacb,c
abcacabacabacabacacaba,ab
cbacbacabacabba,c
bcabcabbacba,b
acababacbb,ac
cabbacbac,c
bacbbbab,b
ccbcba,bc
cbacbbbac,c
cbabacabacabac,c
accabacacabacab,a
cabcabacababacaba,ac
bacbaccabbb,b
bcabacacabacabacab,bc
bcabacbabacbb,bc
bacbacbacabacaba,b
abacacbba,ab
cbacbbabacab,bc
bacbaccabacabacac,b
cbacbacbacaca,bc
acbbabacb,ac
cbacabbab,bc
cbacbacacabacabac,c
cacabacacab,ac
abacacabacb,ab
accbacbb,a
acababacabacab,ac
bcacabacabaca,b
accabacabacabacabacaba,a
abcbbabac,a
bacbaccabacabaca,b
abcabacacabacabac,a
cabbacbbb,c
bacabacbacab,b
babacabacb,ab
cabacabacababacb,c
bcabcabcabcabcabcabac,b
bbacbbaba,abc
cbabacaca,c
ababca,ab
cbacbacbacabacabacabaca,bc
cccbba,c
abcacbb,ab
ccabacaca,abc
bcabbacac,b
babacabacabacab,ab
bbabacabacab,ab
bacbacacabb,ab
bcacabacabacba,b
acbabacabacaba,ac
acbacbacabacacabac,ac
ccabacacb,abc
ccbbabac,abc
cabbacacb,ac
bbacabacabacabacb,abc
cbacabacabacabacbb,bc
abacacabacabac,ab
bacbabacac,b
bcabbacabacabacabacabacbba,b
accabacabacabacabacab,a
abacabacbac,ab
abcabcabcabacabac,a
abbbb,a
acacabacac,ac
bcabacabacabacabba,bc
bacbacacabacabaca,ab
bacacabacabacabacab,b
acbaccbacab,ac
acacabacacabacb,ac
ccacabacabacabacabac,ac
cbacabacacababacab,bc
acbacabacabab,a
abacabacabacabacabacb,ab
bacbcab,ab
ababacacb,ab
abbacabacaca,a
bacbacabacacabacab,ab
bcabacbabacba,bc
acacbaca,ac
abcabcbacbacab,ab
acbcabacab,a
acbacabacabbba,a
ababacabacabacb,ab
abacabacbacabacabacabacaba,ab
bacacabacabacaba,b
abbacbaba,a
bacacabacabacabacabacaba,b
cabcabacacba,ac
abacbacabbb,ab
abbacabacabacaba,a
bacbbbacab,ab
acbaccbac,ac
bacbacbacbacacabacacaba,ab
cbacbacababac,c
abacabacabacabab,ab
ccabacac,abc
abacabacabacabacabacabacabac,ab
accabacacabacac,a
cbacbacbbaba,c
acabacababacabacaba,ac
acabacabacbabaca,ac
bcabcabbacabacaba,bc
abacbbbb,ab
acbacababacabacaba,a
acbbbacb,a
acbbabacaba,ac
cabcabcabbacabac,ac
cacabacabba,ac
acabacbacab,ac
cabcabacbbaba,ac
bacabacabacabacabacabac,b
cbacacbacabacab,bc
bacbacbacbacabacacaba,ab
cabcbacabacabac,ac
bacbacbaccacab,b
cbacbacbacabacbba,bc
cbacbaccabacab,bc
cbbbacac,bc
acbacbacbacbacacb,ac
cbacacabacabacabacab,bc
cbacbacbacbacab,c
acabacabacabacacabacabaca,ac
bacabacabacbbba,b
acabacabacabacabacacab,ac
bcabcabcabcabcabacac,bc
bbacbab,abc
acacabacabacabacabacabacabacab,ac
ccabcaba,ac
cbacbacababacabacabacaba,c
bcabcabcabcabcabcabacab,b
cbacbacabacacabacab,c
acabacabacababacbab,ac
cbacabacacabacababac,bc
baccbacabac,ab
accabacabacabacb,a
bacbaccacab,ab
bcabcbabacab,b
acacabbb,ac
cbacbacbacabacaca,bc
bcabcabcabcabcabacabacaba,bc
cabacabacbac,c
baccabacababac,ab
bacabacabacbac,b
baccababacabacacab,ab
acabcabacabaca,ac
bcabacabacbacb,bc
baccabacbba,ab
bcacac,b
cbacbaccac,c
bacabacababacabab,b
acbaccabca,a
cabacabacabacabacabacabac,c
cabbaccb,c
baccabbabac,ab
abbaccab,a
cabcabcbac,c
abcacabacaba,ab
cabacabbbaba,c
abacabbabacbb,ab
bacbacbaccabac,ab
bcabcababacabaca,b
ccabacacbba,abc
abcabacbacb,a
bacabacabacacabacab,b
abcabcbacabaca,ab
abcabacababacabacb,a
acbaccabba,a
acbbabacabacab,ac
abcbbabacaba,a
abcabcabacababac,ab
abcabcabcabcabab,ab
acbacabacabacabab,a
acbacbaccabac,a
acbacbacbacabacabacabac,a
acabacabacabacabacabacb,ac
cabacabacabacacb,c
ababacabacababac,ab
accabbac,a
bacbacbacbacabb,ab
abcabacabacabab,a
acbaccacab,a
cbacabc,bc
abcabcabcabbac,a
acababacababa,ac
acabacbbabacb,ac
acbacbacababa,ac
abacbabacb,ab
acbc,a
bcabcbacabacb,b
abcabcabacabacabacabacab,ab
abcabcabbacb,a
bcabcabacabbabaca,b
abacababacabacababaca,ab
bacabacababacababaca,b
cababacbbba,c
bcabacacabacab,bc
bcabbacaca,b
abacabacbacabacabacba,ab
abcabcabacabacabacabaca,ab
abacababacabacab,ab
abcabacabacacab,a
cabbacabbba,ac
abcabcbacabac,ab
cbaccbaba,c
ccacabacabac,ac
bcabcabcacab,b
abcabcbaca,ab
cabbacbabac,ac
abacbbabacabacab,ab
cabacabacabacaca,c
cabcbacba,ac
bacbacbacbacbacb,b
cbacbacabacbab,c
abacabacabacababaca,ab
cbaccabacabacabaca,c
bacababacacababa,b
bacbacbacbacabacabacabaca,ab
cbacabacabacacbac,bc
acbacbaccabacacab,a
bcabcabcabcabcabcabacb,b
baccabacabacabacababa,ab
abbacbacabacb,ab
cbacacababa,bc
bacbbabacabacabab,b
bcababacabacba,bc
cabbabacacab,c
abcabcabacabab,ab
cabacabbabac,c
acacabacbaba,ac
bcabcabbabacab,b
cabacbabacacb,c
bcabacabbabacab,bc
acbacbabacabacb,a
cabcabcabacababacaba,c
cabcabcabacababa,c
bacabacbabacab,b
bacbacbacbacabacaba,ab
cbacabacabbba,bc
ccabacabacabba,abc
cabcabacbabaca,ac
cbacbacabacababacab,c
cbacbacbacbacabacabaca,c
abcbabacaba,a
abacacabacabacaba,ab
cabacabacacabac,c
cbacbabacb,bc
acbacabacabacabacabac,a
cabbacacabbba,ac
abcabcbaba,ab
abbacabacabacbb,a
cbacbacbacabacabacab,bc
abcabcabacbab,ab
bcabbacababa,b
acabacabacacabacb,ac
cbacbacbacabacb,bc
abbacbacabac,ab
cabbbab,c
bbacbacaba,ab
bcabacababacba,bc
cbaccabbacba,c
bcabcabcabb,b
bacbacbacbacabacb,ab
acbaccacba,a
bacabacababacbba,b
bbacbacb,ab
abacbbbba,ab
abcabcacabac,a
bbacabacbba,abc
cababacabacabacababa,c
abcabcabacabacabacabacaba,ab
cabbacababa,ac
acbacabacacbba,a
bacbacbacbacabba,ab
bacabacacbb,b
acacabacabacabacba,ac
bacbaccaca,ab
cbacbacabacabacacababacac,c
abcabbbba,a
bcabcabacabacabacabacb,b
cabacabacabc,c
abcabcababacbba,ab
acabacbabacabacb,ac
acbacbacbacbacbacabac,a
ccababacab,abc
cabacabbab,c
cbaccabbac,c
bcabacabacabacababaca,bc
cacabb,ac
cbacacababacaba,bc
cbacbacacabacabacaba,c
acababacac,ac
abcababacacaba,a
acabacabacbbb,ac
bbacabacabacabacabaca,abc
abcabcbacaba,ab
abacbacbb,ab
cabcabcababacba,c
acbbbba,ac
acbacabacabacabacacab,a
baccabacacba,ab
abcabcabcbacab,a
abcababacabb,a
cabacbacaba,c
cabcabcabcabcabacaba,c
accabacacba,a
accbabacabacb,a
bcabbacbbabaca,b
ccabacacabac,abc
acbaccabacabacaba,ac
acbaccabacabacacaba,ac
cbacbacbacbacbba,c
cbacacbabacaba,bc
bacababacabacabacb,b
ccabbaca,ac
cabacababacbab,c
bacabacbabaca,b
cabcabacabacabacabab,ac
abcabcabcabacabacbaba,a
accabacabacabacabaca,a
bcabcabacabacabacabacab,b
bacbacbacabacacba,b
abbacacbb,a
cbcaba,bc
abacababacabacba,ab
bcabbacabacabacb,b
cabcabcabacabba,c
bacacababacabaca,b
cbacabacacbacaba,bc
bcabacabacabacabacabacabacab,bc
abcabacacabacaba,a
acbacbacacabaca,ac
acabacacabacacab,ac
cbacbacabacacbacba,c
cabacbacabb,c
acbacabbabacab,a
cabacbbab,c
bcabcabcabacabacba,bc
accabacacabacabacab,a
abcabbaccaba,a
acabacacbabacb,ac
abbacabacabacabacabacab,a
bcabcabacbbb,b
abcabcabbacba,a
bcabcacacaba,bc
bcabcababacabacbabaca,b
cabacabacababacabac,c
abbacabacabacabacabaca,a
cabcabacabacabbb,ac
baccabacabacabacabaca,ab
acbacbbb,a
acbacacabacabacaba,a
acacabacbba,ac
baccababacab,ab
cbacbacabacabacabacaba,c
cbacabacabacabbba,bc
accbacabacba,a
bbacababacacaba,abc
abcabcabacbb,ab
abacabacbaca,ab
baccabacacab,ab
bcbabacababac,bc
bcabcabcabacabacabacaba,bc
accbabacbb,a
acacbabacb,ac
abcbbabacba,a
abcabcabacbaca,ab
abacacababa,ab
bcabbabacabacab,bc
bacacababa,b
abcabacbacab,a
ccbabaca,abc
acabacacabacbb,ac
cbacacbacb,bc
acabacbbba,ac
cbacabacacbaca,bc
acababacabacb,ac
cbacabacacbacba,bc
acabacabacababacab,ac
bcabcabcabcabacabacab,b
bcabcababacb,b
bcbbbb,bc
cacababac,ac
cbacacacb,bc
bcacabacababaca,b
acabacacabacaca,ac
bacbaccabb,b
babacabbba,ab
cbcb,bc
bcbacabacb,bc
abcacabacac,ab
abcabbacabacabacac,ab
bcabacbabacacaba,bc
cbacabbabacabacaba,bc
abcabcabbbab,ab
ccabcb,ac
accabacabacacb,a
cbacacababacabac,bc
abcabacabacacaba,a
abcacbbbb,ab
bcabcabbabacacb,b
abcabacabacabacabbba,a
acabacacabacabaca,ac
acbacbacabacacb,ac
accabacabacbba,a
bcabcabacabacabacb,b
bacbacbacabacacabaca,b
baccabacabacabacaba,ab
abcabcabcabacabacabacaba,a
acbacbacbacabacbb,a
abacacababaca,ab
abcbbabacabbabacab,a
acbacacabacac,a
ccabbac,ac
cabcabacabacabacbabacab,ac
abcabacbabacacaba,a
abbacabacbabacabacb,a
abbacacabacba,a
cacabacabacabaca,ac
ccacabacb,ac
acbacabacabacababa,a
bacbaccbb,b
abbacababacab,a
acacabacabacabacabacabacabacabac,ac
bcacabacacb,b
abcabbacabacbb,ab
babacacb,ab
baccbacabaca,ab
acacabacabacabacabacab,ac
baccabcb,b
cababacacabac,c
acabacabacbaca,ac
cabcabcabacabacabb,c
bacbabacabac,b
bcabbaccab,b
ababacabacababacab,ab
cbacbacacabacba,c
cbacbacbacca,c
abcabacabacacabaca,a
bacabacababacba,b
bcababacacb,bc
bacacabacacaba,b
bacabacbbaba,b
bacbacbacabacb,b
bcabbacabba,b
bacabacacabacabaca,b
acbacbacbacbacac,ac
bcabacabbbba,bc
ccbcabb,bc
cbacababacabba,bc
bcabcabacbab,b
abcabcabcabacabbba,a
baccabbacb,b
cabcabacabacabacaca,ac
acabacabacabacabacabacabba,ac
bacbaccacb,ab
bcabacbabacabaca,bc
bacbacabacbabacba,ab
acababacabacacb,ac
acbaccababac,ac
acbacbacbacacabacabaca,a
cacabbb,ac
cabcabcabcacabaca,c
bacabacacabacabacba,b
acbaccbacb,ac
bcabcabacbbaba,b
acababacbba,ac
bcabcabacbaca,b
acbcabac,a
ccbcb,bc
cabcabcabacabacabacab,c
baccbaba,ab
acbacbacbacacb,a
cabacabacabacac,c
bbacababacab,abc
acabacbacababaca,ac
bacbacbacbacbb,b
acbaccbacabacab,ac
acbacabacabacabacbb,a
bacabacabacabacaca,b
abcabacabacabacabacaba,a
bbacabacabacba,abc
acbacbacbacabacacb,a
cccaca,ac
bcabacabacabacabacabac,bc
abbaccbabac,ab
acbaccabacabacabacaba,ac
cabcabbaba,ac
bcacabacba,b
cbabacabacaba,c
bcababacacbaba,bc
cabcabcabacabacabacaba,c
ababacababaca,ab
bcabcbacabac,b
cbacbaccaca,c
abacabacabbab,ab
bcabcabcabcabcabcababaca,b
abacacabacabacab,ab
cabacbbbab,c
abcabacbabaca,a
acacabacacab,ac
abcabacbbab,a
bacbabacabaca,b
bacbaccabacabacab,b
cbacbbabacb,bc
bcabcabacabacabacabacababaca,b
cbbbacabac,bc
abacbabacabac,ab
abacabacabacacab,ab
cbacbacbacabacba,bc
bacbabacabacabacacb,b
cbacbabacbabacb,bc
cbacabacbab,bc
bcabacabacbac,bc
cbbabacabaca,c
bacbacbacacabacab,b
baccabcabacabaca,b
cabcabcabbb,c
cabcabacabacabacac,ac
abcbacabacba,a
bacbacababacabba,ab
bbabacabacabac,ab
abcacabab,ab
accabacabacbabacab,a
cabbabacab,c
cacbabacab,ac
cbacbbbaca,c
cbacbacbacbacca,c
abcabcabcabcabcb,a
abcabcabbacabacaba,a
bacabacacabacacba,b
cbacabacabacabacacba,bc
bacabacbabacb,b
abacababacacaba,ab
acabacabacabacabab,ac
acbacbaccabacac,a
bcbacabacabacab,bc
cabcabbacababac,c
bcabcabcacba,b
acbacabacababacaba,a
cabcabbab,ac
cabcabcabcabcabcabacabacaba,ac
abacababacabacababac,ab
acbacbacbacabacba,a
cabcabbabacabacab,ac
acabacabacabacbaca,ac
abacabacbabac,ab
acabacacbacaba,ac
babacabb,ab
abcabacabacababac,a
cabcabacabacabacbba,ac
cbacbacbacabacacab,bc
bacabacbbba,b
cacbacabaca,ac
acbabacababa,ac
cabcababacabacabacabab,ac
abbacababacba,a
cacababacab,ac
cabbabacabacabacba,c
cbacabacabacacabacabab,bc
acbacbacbacbacabacac,ac
bcabcabacababacabacaba,b
bcabcabcabcabacabacb,b
bcabcabcabbb,b
abcabbabacabaca,a
acababacabacabac,ac
acbacabacabacacabacabaca,a
abcbabacabacaba,a
bacbacacbac,ab
abacacbbabac,ab
abacacabacacab,ab
acbacbacbacbacbb,a
acbacacabbba,a
cbacbacbacbacbacbacbaca,bc
abacabacabacbbb,ab
baccababac,ab
baccbbba,ab
acabacabacacabaca,ac
acacbacabaca,ac
bacabacacababac,b
cabcabacabbaba,ac
bbcabacbba,bc
acacababacb,ac
abacbacabacab,ab
cabcacabab,c
cabcabacbaba,ac
bcacbacaba,b
bcabcabcac,b
bacbaccac,ab
cabcabcabcabbbbb,c
acababacabacacabacabac,ac
bcacabacabacaba,b
bacabacabacacbb,b
cabacabacbbba,c
bacababacabacabac,b
abacababacacab,ab
acabbabacabacba,ac
cabcbacabacabacab,ac
cbacbacabacabacabacacaba,c
bcabcabcabacabacabaca,bc
bacbcabac,ab
bcabcbacba,b
bacbacababacba,ab
acbaccabacbb,ac
abacabacabacabacabbba,ab
bacacbabacabac,b
abacababacacabaca,ab
cbbbab,c
abbabacabacba,ab
bcababba,bc
abacabacabbabaca,ab
abacababacabacabacab,ab
cabcabcabacac,c
bacacabacabacabacabac,b
bacabbabacba,b
cabcabcabcababacabacacab,ac
ccbbabacab,abc
accbaca,a
abacabacabacbab,ab
bacabacabacabacabbab,b
acbbacabac,ac
acbaccabacacab,ac
cbacbacbacabbab,bc
babacacab,ab
baccabca,b
acabacbbb,ac
abcabcabacbabac,ab
cabacababacabacaba,c
ccababacabacab,abc
bcabacabbabac,bc
bacbacbacbacbba,ab
bcbabacaca,bc
abcabcabcabcabacabacab,ab
cabcabacabacabacabacaba,ac
bacacabacabacabac,b
acabacabacabbb,ac
bcabacabacabacabacbb,bc
cbcacb,bc
bacabacabacabacabacababac,b
bcabcabacbacba,b
abacabacabbabac,ab
bbbacabacabab,b
cabbacababaca,ac
bacbacabacabacbba,ab
bcabcabbacc,b
baccabacabba,ab
bbacabacabacacb,abc
cacabacababa,ac
bcabacbbba,bc
abcabbabaca,a
abcbabacabacabac,a
acacabacabacababaca,ac
abcbacabacabb,a
bcababacabb,bc
cabcabcababacab,c
cabcabbacbaca,ac
abacabacabacbabaca,ab
abcabcacb,a
cabcbacabacaba,ac
ccabacababac,abc
bacbbbaba,b
bacbacabacabacabacabac,ab
abcabacabacabacabacabaca,a
abacabacababacbba,ab
abacbbabac,ab
acbacbacacbb,ac
abcabacababacb,a
bacabacacababacabacaba,b
cbcab,bc
abacabacabacabacabacacaba,ab
bbabacaca,ab
cabcabcabcabacabacb,ac
bacbacbacbaccba,b
ccabacabab,abc
abcabcabcabacababa,a
cbabacabb,c
abcabcacab,a
bcbbbbba,bc
bcabcababacbb,b
bcabbacabacabaca,b
bacabacacabacabacabacababacaba,b
accbbac,a
cbacabacacbb,bc
cbacabacabacacabacab,bc
acbacabacacabacab,a
bacabacbbb,b
bacbaccababacaba,b
acbacacabacabacba,a
bacbacabacabacabacb,ab
bcabcabcabca,b
bcbabacac,bc
cbaccabacabacabacab,c
accacabb,ac
abcabccab,a
abcabacabacabacabab,a
accabacabbabacab,a
cbacbcab,c
bcbacbaba,bc
cababacabacacb,c
bcabcabcacabaca,b
abacabacababacba,ab
bcabbabacabaca,bc
abbacca,a
cabacabacacabacab,c
bacabacabacbaba,b
bacabacacababa,b
cabcabbbaba,ac
bacbacbbbaca,b
cbaccbacabb,c
abcabcabbab,ab
bacbbbabacabacaba,b
acbabacbba,ac
cbaccbaca,c
cabcabcbabaca,c
cabbbba,c
cabcabcabbacb,c
cbacbacbabacab,c
cbacabacabbab,bc
acbacbacbcaba,a
acbacabacabacabacabaca,a
cabcabcabacabacabacabac,c
abacabbabacab,ab
cabacacabacababac,c
bacbacbbc,b
cbaccabacababac,c
cabcbacabacab,ac
bacbacabacababacb,ab
baccabacabacac,ab
bacbaccabacba,b
bcbbabacab,bc
bbacabacacba,abc
bcababacabacacb,bc
abbacabacacabacab,a
bacabacacbacaba,b
acacabacabacabacab,ac
bacacbacba,b
acbacabacabacabacababa,a
acbabacabac,ac
cacabacabacacab,ac
abbacabbbb,a
acbacbacbacabacb,a
cabcabcabcabacabacabac,ac
acabacabacabacbb,ac
bacbacacabacabacbba,ab
bcbabacabaca,bc
bacabbbba,b
abcacabbb,ab
bacbacabacbabaca,ab
ccabacabacbbab,abc
bcabcacabacabac,bc
bacbacbacabacabacabacab,b
cabcacbbbba,c
bcbabacb,bc
acbacabbb,a
acbacbacabacabacacb,ac
cabacababacbb,c
accabacacabacabac,a
cbacbacabacabacbba,c
ababacabacbb,ab
ccabacabacabb,abc
baccabbacacb,b
abcabbacbac,a
abacacabb,ab
cbaccabacabacb,c
abcabbacabacb,ab
abacababacabb,ab
ccbcabacabac,bc
babacababacab,ab
acbacacbaca,a
bcacabacabacb,b
abbacabacacb,a
acbacbaccacabac,ac
acababacabba,ac
cabacabacabacbacabacac,c
bcabbacabb,b
abacabacabacabacabacabac,ab
cbaccabacac,c
bbacbacabaca,ab
cbbbacabacacb,bc
abcabcabcababacaba,a
bcabcabacabacacaba,b
cababacabacabacb,c
accacabacab,ac
acabacabacbabac,ac
acbacbacbacbacacab,ac
ccabacabb,abc
acbacbacbaccabacb,ac
cbacbacabacbbabac,c
bcabbacacabacaba,b
bacabacacabacababa,b
abacababacabacabacaba,ab
abcabacabacbacab,a
cacbbba,ac
bacbabacacab,b
bcabcabcabcabcabc,b
acabacabacabacabacacaba,ac
bcabbacabacac,b
accabacabacac,a
cbacbacacabacabacabac,c
abacabacbbb,ab
bcabacabacacabacabac,bc
cbacacabacabacb,bc
accabacabacabacabacabacabacab,a
cacababacabacaba,ac
abcabcabcacaba,ab
cbacbacbbbacabacabacab,bc
cbaccbacba,c
bcabacbacabacb,bc
abacbacabaca,ab
cbacabacacabba,bc
cbacbabacab,bc
acbacabacabacabacac,a
cabbacabacacbaca,ac
cabcabacabacbbab,ac
cabacabacacabacabaca,c
bcabacbabacabacb,bc
abcabcabbacbac,a
bcabcabcabba,b
ccabacabacabac,abc
acacabacacba,ac
bcabcabcabacabacabacab,bc
cbacacabacacb,bc
bcabcbacaba,b
cacabacabacabacab,ac
abacabacbabacabacabac,ab
abcabbacabacabacabacabac,ab
ccabcbba,ac
abcabacabacacb,a
bcbbabacb,bc
bcabbacabacacb,b
cabacbbabaca,c
bacacbabac,b
bcabcabacacba,b
bcbacbb,bc
cbacbacabacabacacabaca,c
acbacabacabacabacabacabac,a
bacacababaca,b
acabacabacabacacaba,ac
bacabacabacacabac,b
baccababacaba,ab
abacabacacabb,ab
abacabacbacaba,ab
babacacaba,ab
bacbacbacbacbacbacacab,ab
abcabacabacbab,a
bcacbabacabacab,b
bcabcababacacabacb,b
cbacabacabacabacacaba,bc
bcabcacacabacab,bc
cabbaccabaca,c
abbacbacaba,ab
ccbcabacb,bc
cabbacacabac,ac
bbaccaba,ab
cabacabacababacbbb,c
cabcabcabacabbb,c
cbaccabacabb,c
acacacb,ac
accacbacab,ac
cbacabacbbabac,bc
cabcabcabacababacabacabac,c
abcabcabcbb,a
acbacbacababaca,ac
acbacabacababacabacab,a
bacabacacababaca,b
bacbacabacacbacaba,ab
bcababacacab,bc
abbacabacacba,a
acacabacabacba,ac
ccbacbba,bc
acabacacbbab,ac
acbacbbabaca,a
bcabcabacabacabacababaca,b
cabcabcbab,c
baccabacabb,ab
bcababacac,bc
bcabcabcbacba,bc
bcababacabacabacabacabac,bc
cbacbacbacbacbacbaccaba,bc
ababacabacbba,ab
cacababaca,ac
bbcba,bc
cababacbabaca,c
accabacabacacaba,a
abcababacabacabaca,a
cbacbacbacbacacb,c
abcabacababacabba,a
ccabacabacbba,abc
bacabacababacabaca,b
ccabacabacb,abc
babab,ab
abbacababacabacab,a
ccacabaca,ac
bacabacbbbba,b
abacabacabacabacacabab,ab
bacacabacababaca,b
bacbacbaccabacaba,ab
abacbabacabab,ab
baccbabacbabac,ab
cbacbacbacbaccba,bc
cabcabacabacabacba,ac
bacbacababacab,ab
bacbacabacabacacb,ab
bcabbabacacaba,bc
cbacbacacababacabacaba,c
cabacabacababacabacabacab,c
cacac,ac
abacacabacba,ab
abacabacabacacabac,ab
ccabbabacba,abc
cbabacbb,c
cabcabacabacababa,ac
cccabba,c
bcbacabacabaca,bc
cbacabacababacb,bc
bacbaccabba,b
acbacabacbbb,a
bcabacacabacabba,bc
bcabcabacabacabacabacaba,b
abcbc,a
abcabbaccab,a
abacabacabacabacabacabacab,ab
bcbabacacabac,bc
bcababacabacabacb,bc
bacbacababacabac,ab
cbcba,bc
cbacbacbacababaca,bc
cabacacababacbba,c
bacababacacabacabac,b
cbacbacbacbacb,c
abbacacbacb,a
abcbacbab,a
abcabacabacabacbb,a
abcabcabcabcababac,ab
bacababacabacba,b
bcbbabacabacaba,bc
cabcbabacba,ac
cbacbacbbbb,c
bcabcabcababacac,bc
acbacbacbacbacbacbacabac,ac
abcabcabbacabac,a
abbaccba,ab
acabacacbacb,ac
abacacabacabbaba,ab
abcacacaba,ab
cbabab,c
bacabacbabacabacab,b
ababacabacacabac,ab
cbacabacabacabacacabac,bc
abcabcbbaba,ab
bacbacabacabacabacacba,ab
acbacbacbacabacacab,a
bacbaccacabac,ab
abacbabacabaca,ab
cbacbacbca,bc
cbacabacabacabacacab,bc
bacacababacacb,b
cabacabacacabacabac,c
bcabcababacabacb,b
bcbacbacaba,bc
acababacbab,ac
acbaccabb,a
abcabacabacac,a
cabcbabacaba,ac
cabacacabacabacaca,c
cababacabba,c
ababacababacabacabac,ab
acbacabacabacabacabacabacb,a
accabacabacbb,a
bacbacbabacabaca,ab
bcabcabcabcabcabcba,b
cabbacabba,ac
baccabacabacabba,ab
bcabcabcaca,b
cabcabcabcabcabcabcaba,c
cabbacacabacba,ac
bbcacabac,abc
acbacacabacbb,a
abacacbac,ab
bcabcbabacabac,b
acbaccbabaca,ac
cbacbacacabb,c
bacbacbacabacababa,b
bacabacacabacabba,b
abcabcabcabbacabac,ab
cabacacbacba,c
acbaccbaca,ac
cbcbb,bc
bcabcabcabcabcabbac,b
ccabacacaba,abc
cabbacabab,ac
bacbacbacacabb,b
abcabacabacababaca,a
acbacbacbacabacac,a
cabbabacabaca,c
bacabacabacabacacabacabacacaba,b
abcabcbbbba,ab
cbbabacabacab,c
bcabacabacacabacab,bc
abcabacbacba,a
acabacabbabac,ac
cbacbabacabac,bc
acabacabacbbabac,ac
acabcabac,ac
bcabacacabacabacaba,bc
acabacabacabacbabac,ac
bacbaccbacabacabacabacb,b
cbacabacababacabacab,bc
cabbabacac,c
acbacabacbab,a
abacabcba,ab
abacbbabacab,ab
bcacabacabacabaca,b
ababacabacabacacaba,ab
abcabbbb,a
cabacbacb,c
bacabacbbabac,b
bcabcacbba,bc
ccabacbba,abc
abacacabba,ab
abcabcababacb,ab
acababacacabaca,ac
cbacbacabacacababa,c
abcabcbc,ab
bcabcbabac,b
bacbaccbacaba,b
bbacabacacaba,abc
abcabbacabacabaca,ab
ababacacabaca,ab
bcabcababacaca,b
ccbcabacabaca,bc
acabacabacabacabacabba,ac
bacbacbbbacab,b
acbacacabacabacabba,a
cabcabcabacacab,c
cbacbbba,c
cacabacbb,ac
acbacbaccabba,a
bcabbaccabacabac,bc
bacbacabacacbac,ab
abacacabacacb,ab
bcacabacabab,b
abbacabacabacacb,a
cccabacababac,c
abcbabacabaca,a
cbacbacbacabacabacabacaba,bc
cacbab,ac
accabbaca,ac
bacbacbacababa,b
bacbacabacabacabacabba,ab
cabacabacabacabacac,c
baccc,b
bacacabacabacab,b
cabbacabacacab,ac
abacbbbab,ab
acabacbacaba,ac
acbacabacabacabacabacacb,a
bbacbaba,abc
bcabbacbaba,b
accacabacaba,ac
bbcb,bc
bcabcabcabcabcbacb,bc
cacabacbba,ac
ccabacabacacab,abc
cababacacabb,c
bacabacabacbbabaca,b
bcabcabbacabac,bc
acbacbacbacabb,a
bcabcabbbb,b
cabcacabacba,c
bcabacabacacabacaba,bc
abbacbbbba,a
bbbacabacabac,b
cacababacba,ac
cabcabcabcabacabaca,ac
cabcabcabcabacabab,ac
bacacabacabb,b
bacacababacab,b
abcbabacacaba,a
abbacabacabba,a
acababacabacabacb,ac
acbacbacabacabacba,ac
ccabacbbba,abc
cbabacac,c
abcabcabbacabacabacb,a
cbbbacabaca,bc
ababacabacabacabacab,ab
acbacacabacacb,a
abcabacababacba,a
bcabcabcababacabacabaca,bc
ababacabacabba,ab
acbacbacbacbaccaba,a
cababacbaba,c
cacbacb,ac
cbbbacabacabacabaca,bc
acabacbbbb,ac
bacabacacabacaba,b
baccabcab,b
bcabacabacabacbacaba,bc
abbacacabacab,a
cbacbacbacabba,bc
bcabcabcabcabcabcababac,b
bacabacacbaca,b
acbacbacabacabb,ac
cbacbacbaccabaca,c
bcbacabacbabacabba,bc
acbacacabab,a
cabbacabacabacabacabac,ac
ababacbab,ab
bcacabacabacababaca,b
cabbacabacabba,ac
acabbabacabacb,ac
abbacabacabacabac,a
accabacacabacaba,a
accabacababa,a
bacacabacbacaba,b
cbacbacbacbacabacaba,c
cabbabacabacacab,c
accacac,ac
acbaccabacabacaca,ac
abcabcababacabaca,ab
accabacabacbbaba,a
cbcbabac,bc
cabacabacabacabacabacabaca,c
abcabcabacabacac,ab
cabcabcabacabacabacb,c
bcabcbaba,b
acbacbaccbacaba,a
cabacababacac,c
cbacacbacba,bc
cbacacbacabaca,bc
cabcabcabcabacba,ac
bacacabacacabaca,b
bacacabbabacbb,b
cabacacbacabac,c
abcacabacabaca,ab
cbacbacbacacabacac,bc
bbacbacabacab,ab
cabcabcacb,ac
bcabcabcabacaca,bc
abcabbacababacabacb,ab
bacbacabbb,ab
cbbabacabac,c
baccabacabacacab,ab
cabacabacabacabacababac,c
abacabacabacacabacabac,ab
cbacbacbacacabacaba,bc
baccacabacba,b
abcabcabcabcabcababaca,a
abacababacabacac,ab
bcababacabacac,bc
accabacabacabacbba,a
cbbbacabacba,bc
cabcbacbbab,ac
cbacbacbacacabac,bc
abbacabacabacacabb,a
cbacabacbabacabaca,bc
abacacbacabacabacab,ab
acacabacbab,ac
acbacbaccababa,a
ababacacba,ab
bcacabacabacabacab,b
ababacabacbac,ab
acccbac,a
acbaccabacabacabacab,ac
bcabcababacabab,b
cbacbacbaccabacacb,c
cbacbacababa,c
bacbacbaccabab,ab
cbacbaccabba,c
bcbacabacabacaba,bc
bcabbacabacabacaba,b
bcabcabacabacacb,b
acbacbacbaba,ac
cbaccabcb,bc
bacacabacabacbaca,b
ababacababa,ab
acbacbaccbac,a
cbbabacb,c
bcabcacabac,bc
cbacbacacbac,c
bcabcabbacacaba,bc
cabcabcabcabbac,c
bcacabacabacac,b
acabacababacabacabacabacab,ac
acbacbacbacbacabacaba,ac
abcabcabacbbba,ab
acacbbb,ac
bcababacabacabacabacacb,bc
cabacacababa,c
cbacbacbacbacbb,c
abcbacabacaba,a
bacbacbaccabacab,ab
accababacababaca,a
cbacbacbacbacbacacb,bc
acabcacb,ac
bbbacbabacab,b
ababacacabacba,ab
acbacbacacababa,ac
bacbacbacabacabacacb,b
bcabcabcabcbb,b
bcabcabbab,b
ccabacabacabacabacba,abc
cacbabaca,ac
bacbaccabacabacba,b
cbbbaba,c
cabcbbabacabaca,ac
cccabacabacac,c
cbacbaccacabac,c
bcabacabacababacabacaca,bc
acbbabacabacabac,ac
bcbbbab,bc
bacbaccabacacb,b
cabacbabacabacab,c
abcabbbaba,a
cabcabcababacabaca,c
bacbacbacabacacb,b
cabcabacabacbab,ac
acabacbacba,ac
cabcabacabacabacabacabacbb,ac
abcabacabbab,a
acacbac,ac
cabacabacabacabacabacab,c
bbacabacabab,abc
acabacababacababac,ac
acbacbacbacabacabacaba,a
bcabacabacacbacb,bc
abcabacabacabacabacabacabac,a
accacbac,ac
abacabacacababa,ab
cbacbabacaba,bc
baccabacabacbacab,ab
abcabacacbb,a
baccacabacabacabacabacb,b
cbacacabacababa,bc
abacacabacabba,ab
bacbacbaccababac,ab
cbabacabacabaca,c
bacbaccacaba,ab
bcabcabcabcbacab,b
bacbacbbbaba,ab
abcabcbbabacabacab,ab
cbacbacbacbacabacba,c
bacbcabaca,ab
babacacabacaba,ab
cabcababacaca,ac
bcabacabacabacacabab,bc
cbacabacbacb,bc
acbacbacbacabacabacabaca,a
bbbacabacabacabaca,b
cbacabacabacabacabacabaca,bc
abcabcabcabacabacabacab,a
cccabb,c
cabcabbacabacba,c
bcabacacabb,bc
cabbacabacabacabacabacabacabac,ac
bbacabacababacabacab,abc
cbacbacababacb,c
bcabcabcabacabacabacabacab,bc
bcabacacbabaca,bc
cbaccbacbba,c
cbbbacaba,bc
acbacbacbbab,ac
acbabacacaba,ac
cabacababacabaca,c
bcabcabbacabacabacaba,bc
bcabacacabacabacabaca,bc
bcabacacabacba,bc
cabacababab,c
cbacacabacacaba,bc
accabacabacababa,a
cabcbabacb,ac
abacabacacabacabacba,ab
cabcabbacbb,c
bacbacacbacab,ab
bacabacabacacabacacab,b
abacabacabacabacacab,ab
bcabacacbacabac,bc
cabbacabacabacabacab,ac
cbacbaccabacbba,bc
ababacacabacabaca,ab
acabacabacbabacabacabacababaca,ac
abacabacabacabacabb,ab
acbbbacabacab,a
acabacbbabacabacabacabac,ac
cabcbacabacabaca,ac
abacabacabacabbba,ab
bacbcabacabaca,ab
cabcabbaccb,ac
cbacbacabacabacabacab,c
cabcabcabacabacba,c
acacababacba,ac
cababacacbba,c
cabcabacabacabab,ac
acbacacbabacba,a
cbacbacabacbbaba,c
cabacabacbacaba,c
acabacacababaca,ac
cabacacabacbabac,c
cabcbacabacabab,ac
abcabcabcac,ab
acbacbacacac,ac
bacbacbacbacbacbacbaca,b
acbacbacacbacaba,ac
cbacbaccbacb,bc
abbacabacababac,a
ccababacb,abc
abcababacabacabacb,a
acbbbabacaba,ac
acbacacacab,a
bcabcabacabacabbb,b
bcabcacbb,bc
cbacabacacbac,bc
cabcababacabacabacaba,ac
cabcabcabcabcabac,c
bacbacbacabacabacabaca,b
cabacbabacabacabac,c
cababacabacbb,c
bcabacabacababacabacba,bc
acbaccbaba,ac
abacabacacabacabacab,ab
cabbacbacaba,c
acbacabbab,a
bacbacbacabacabab,b
accabacabacabb,a
cbacbacbacbacaba,c
abacabacbc,ab
cbacabacacabacaba,bc
acabbabacabacaba,ac
abcabcabacabacbacaba,ab
ccabcabacabac,ac
acabacacababac,ac
bbacabacabba,abc
acabacbbabac,ac
cbaccabcba,bc
acbacabacabacabba,a
acabacababacabaca,ac
abacabacabacabacacaba,ab
accbabacba,a
cabcabcabacababacabaca,c
acabacababacabacb,ac
cbacbacabacababac,c
acabacabbbbb,ac
accabbb,a
abacacababacba,ab
acabacacabacabacb,ac
abbacabbabacba,a
abacacabacabacabacaba,ab
bcbbbbab,bc
cbacacababaca,bc
bcabcabcabcacaba,bc
bacbaccabbba,b
baccabacabacbba,ab
cbabacabba,c
acbacabacababaca,a
bbbacbba,b
cabacacabacac,c
cabcbbabaca,ac
bbabacabacac,ab
cabacacabacacaba,c
bcabcabacabacbba,b
bcabcabcbab,bc
bacbacbacbacbacbacabaca,ab
cabacacabacabb,c
abcabacabbba,a
bacbacabacbabac,ab
baccacabacaba,b
bacbacbabacab,ab
accbbabac,a
bcabacacabacbaca,bc
bacabacabacabacabba,b
acbacacabacabab,a
abcbabacabacabaca,a
cabacabbabaca,c
bacabacbacabacb,b
cbacabacabacababaca,bc
abcabcabcabacacb,a
bacbabacabacabacab,b
bacbacbacbacbacacb,b
cabcabacbacb,ac
cbacbacabacabacacabac,c
cabcababacabacab,ac
abacbacabacaba,ab
ababacbbaba,ab
acbacabacbaca,a
bbacabacbb,abc
bcabacabacabacacab,bc
cabbacbacabac,c
cacabacabacabb,ac
cabcabcabcabacabb,ac
abcabcabcabcabcabcabcabcaba,ab
acbcabacabaca,a
bcabcabacabacabacababac,b
abacabacabacababacacb,ab
abbacabacabab,a
bacbacbacacabacaba,b
acababacabacabacab,ac
acbaccabacabacabac,ac
abcabacbacaba,a
bcabcabacabacabb,b
abbacbabaca,a
cbacabca,bc
bbbacabacabacab,b
bcabacabacacabacacb,bc
cabacbacabacab,c
acbacbacabacabacb,ac
cbacabacababacaba,bc
bacababacabab,b
bacbacbacbacabacac,ab
bcabacabacbacaba,bc
bcacabacbacaba,b
cbacbacbaccabacaba,c
abcabbacabacabacbb,ab
cbacabacacbba,bc
cabacbcaba,c
cabbacabacacb,ac
cabcabcabacbb,c
acababacbabaca,ac
abcabbacabba,ab
bbbbb,b
acabacabacabacabbabacb,ac
ccabacababacabac,abc
bacbca,ab
cbaccabacabab,c
bacabacabacababacba,b
accabacababacb,a
bacababacacbba,b
abbabacbabacabac,ab
cabacabacabacacabacabaca,c
babacabacabacabaca,ab
acbacbaccbacba,a
acbcba,a
abcabcabacababacaba,ab
cabcabcabcabcabacabac,c
bcabcbabacaba,b
acbacababacbb,a
bacbbabacabacabac,b
abbacabacbbaba,a
bcabcabacabacabacabaca,b
cabbaccabacbbb,c
abbabacabacabacacabacaba,ab
cabbacabacabacabac,ac
cccababac,c
cabcabcabcbacb,ac
cabacabacabacabacacaba,c
cbaccabc,c
bbacabbb,abc
accabacabacababaca,a
cbacbacbacabacabacac,bc
cbacbacacbacabba,c
bacbacabacabacababaca,ab
abacacabacabab,ab
cacabacabacabacabaca,ac
acbacabacabacabacacaba,a
abacacabab,ab
acbacabacabacabacabacaba,a
bcabcabcabcababac,b
bacbacbacabab,b
ccabacbab,abc
ababacbaba,ab
abacabacabacacbba,ab
bcbbaca,bc
bcabcabbacac,bc
cabcbabacabacab,ac
bacbbabacabacab,b
ccbcabacabacacab,bc
bacacabacabacababa,b
ababacabc,ab
abcbabacabacabacabacb,a
acabacacbac,ac
cababacabacabacabacba,c
abcacbac,ab
acacabacabacabb,ac
acbacacababac,a
cabacacabacacba,c
abacababacbba,ab
bbaccb,ab
bcababacabacabacabac,bc
abacabacbbaba,ab
babacabacbb,ab
bcbabacabacababa,bc
bcabcabcabacabbba,bc
baccabacabbb,ab
cabcabacababacb,ac
abcabacacbacabaca,a
acabababac,ac
abacacabacabacabaca,ab
abcbabacabacabacabaca,a
cbacacbaba,bc
babacabacabacabba,ab
cbacabbaba,bc
bbaccab,ab
cabcabacbabacb,ac
acbacabacabacac,a
abacbabacabb,ab
acbacbacbacbacc,a
baccabacababacab,ab
cabacabacbabacabacabacaba,c
cabcabcacab,ac
cbacbacbacacabacacabacabaca,bc
acabacabacbacb,ac
accabbacaba,ac
cbacabbabaca,bc
abacbbabacaba,ab
acacbabacab,ac
cabcabacababacabac,ac
bcabcabcabacabacacb,bc
bcabcbacababacaba,b
cbaccabacbb,c
acbbbacbba,a
cbacabbbab,bc
bcabacabacbbabacab,bc
acabacacabacabacaba,ac
abbbabacaba,ab
ababacbabacab,ab
accbbab,a
bacacbabacab,b
baccabacababa,ab
accbbabaca,a
bbbacabacabacb,b
cababacabacabacbb,c
abcabcabcabcabcabac,a
acbacabacacbab,a
ccbcac,bc
cababacacbb,c
bcabcabcabcabacaca,b
bcabcabacabacababac,b
ccabacbac,abc
bcabbacabacabac,b
bcabcacabaca,bc
cbacabacabacabacabacb,bc
cabcabbacabacabacaba,c
cabacacabacabacb,c
abacacbaba,ab
bacbacabbab,ab
cabbacabacabab,ac
bcacabacacabac,b
cccacab,ac
acabacabacabacabacabacaba,ac
bacacabacabacabacb,b
abacacbabac,ab
acbacbacacbabacab,ac
accabacacabac,a
abacabacbabacaba,ab
ccacabacaba,ac
cbaccabacbacba,c
accababacabb,a
bcabacabacbaba,bc
bacababacacab,b
acbabacabacabacac,ac
cbacbacbbcbba,bc
bcabcabcababacabac,bc
bcabcabbacacba,bc
ccbacbac,bc
cbacacababacabaca,bc
bcabcabcabcabcabcb,b
ccabbb,ac
acbacbacbacbacabacabaca,ac
cccabacabaca,c
bacacbbaba,b
abacacabacbba,ab
bacbacababacabacabaca,ab
cabcabbacacabacabacababaca,c
abcabcabcabcabcabcabacaba,ab
ababacabacababa,ab
ccabcabacabacb,ac
acbacbacacabacb,ac
abbaccaba,ab
accabacacabaca,a
acabacabbab,ac
abacbabacba,ab
cababacabacabacabacab,c
bcabcabacabbaba,b
abcababacabacacabacabac,a
cbaccabacabacabab,c
acacabacacabac,ac
cbacbaccacb,c
acbaccabacabacb,ac
bacbabacabacab,b
acababacacba,ac
bacabacabacabacabacabacabacaba,b
abcbbabaca,a
baccabbacabaca,b
bcababacabacabacabacab,bc
cabacacbba,c
cabcabcabacabacbbab,c
acbacbaccabacabacabaca,a
acbacabacacabac,a
acbabacabab,ac
cbacbacabacbabaca,c
cabcabcabbab,c
accbbb,a
cbacababacba,bc
acbacbacbacbacacaba,ac
bacabacbacabac,b
cabcabcabcacab,c
bcabcabcbacabab,bc
cbaccababacab,c
cabbaccabac,c
abcbacabacabac,a
bacbabacabacba,b
bcabacabacabacacabac,bc
bcabcabcacabacabac,b
cbaccbacabacab,c
bacacabacabba,b
bcabcabcabcabcabbaca,b
acbaccababaca,ac
cbacababacaca,bc
bacbacbacbacbaccaba,ab
cbacbacababacabacabacabaca,c
cabcabcababacabac,c
cbacbaccabcab,c
abbacabbabacaba,a
cabcabbacabacabacabac,c
bcacababaca,b
ccabacbaba,abc
acacabacabba,ac
abbacacabab,a
abbacacabacabacb,a
bcabcabcabcabacabacaba,b
cabcabacababacab,ac
bcbabacabacabacaba,bc
bacbabacacb,b
cabbabacabacabacabacb,c
acabacbabacb,ac
bcabcabbbba,b
cbacabacabacabacabacaba,bc
cabacabacabacacabaca,c
ababacbabaca,ab
cabcabcabcabcabbac,c
bcabcabacabacababa,b
acabacbbabaca,ac
bcabacacbacab,bc
abbacabbb,a
cbacbacabacabacabacabaca,c
bcacabab,b
ababab,ab
acbacbaccabacabac,a
bacbacbacacbb,b
acbacababacb,a
abbabacbba,ab
bacacabacabacba,b
bcacabacbba,b
bcbacabacacab,bc
acbaccabacac,ac
baccabbabacacb,ab
bacbacabacabacabacabacabac,ab
acbabacabacb,ac
abacbc,ab
abacabacacabacba,ab
abcabbacbbb,a
cbacbacbacabacabacaba,bc
bcababacbab,bc
baccababacb,ab
cabcabcabcabcabcabcb,c
bcabbbbb,b
acbacbaccbba,a
ccacabba,ac
cbacbabacacaba,bc
acbaccabacabacba,ac
bacacabacaca,b
bbaccabacabacacb,ab
acabacbaca,ac
acabacbbabacab,ac
cabcabbbba,c
bcbabacabacabac,bc
bacbacabacabacacabacabaca,ab
bacbacbacbbbac,b
ccacababa,ac
bacacbbab,b
acbacbacbacacbaba,a
cabcabcabacacabaca,c
cbacbaccbacaba,bc
acbacbaccbaca,a
cabacabacabbbab,c
cabacabacacabacb,c
acabacacacab,ac
cbacacabacabacacab,bc
cbaccabacbabac,c
bacacabacabacabacaba,b
cbacbaccbacabac,bc
bcacacabaca,b
bacbacabbabaca,ab
accabacabbab,a
acbaccabacababac,ac
cbacbacababacab,c
acbacabacacbb,a
abcabcabacbacaba,ab
abcabbacababacaba,ab
cabacbabacaca,c
abcabcbabacbab,ab
bacbacabacabacababac,ab
bcababacabacababa,bc
bcabcabcabcabcabacabacabacaba,bc
bcabcabcbb,bc
bacbacabacacbb,ab
cabcacabacabacb,c
bcabcabcbbbaba,bc
bacabacacabacabacb,b
cabcabacacabacaba,ac
acbabacabacba,ac
cabbacabacabacabacabacab,ac
cabbacabacacaba,ac
baccabacabacabacab,ab
bacacabacabacac,b
acbacabacabacbab,a
acbacacabba,a
cabcacbab,c
baccababacabacb,ab
abbabacbb,ab
bcabacabacabacabacabacabacaba,bc
baccabcabb,b
cbacbabacabacabaca,bc
cabacabacabacbacaba,c
cabcbacac,ac
bacabacabacabacababacab,b
cbacbacababacaca,c
bcabccaba,bc
bcabacababacbba,bc
abcabcabcabcabca,a
cbacabacbbabaca,bc
acbabacacab,ac
bcabacbabacabacab,bc
cabcabcabacabacabaca,c
abacabacbabacabacabacaba,ab
bacabacabacabacabab,b
accbabaca,a
cabcbbaba,ac
accabcaba,ac
cccabacabacabac,c
acbaccabcb,a
abcbacabacacb,a
bcababacacabaca,bc
bacbacacbacb,ab
abcabacbbaba,a
bacababacabacabacba,b
cbbabacabb,c
bbacababacabaca,abc
bcbacabacba,bc
abacacabacabacabacba,ab
bbabacacabacaba,ab
cbacbacababacaba,c
cabacabacababacabacabac,c
accbacaba,a
cabcabcabacbaba,c
bacbacbaccacabaca,b
cbaccabacacba,c
bbabacabacabacb,ab
cbacbacabacacbb,c
bcabcabcabacbbba,bc
acacabbbabac,ac
accabacbbab,a
acabacbbabacaba,ac
cbacbacbacabacacb,bc
acbacacabacacab,a
baccabbab,ab
bacbacbacabacabacaca,b
bcacabacacba,b
cbacbacabacacbac,c
cabcabcbabac,c
cbaccabbabaca,c
abacabacbacb,ab
cbbcb,bc
acabbabacb,ac
acbabacabacac,ac
cbacbbabacaba,bc
cabacacbaba,c
bbbacabacab,b
cabacacbacaba,c
bacbabacabab,b
bcabbacabacabab,b
acbacbacabacababaca,ac
abcabcabcabcabacabacabacab,ab
cbacbacbacabacbb,bc
bcabbabacabacb,bc
abcabacacabb,a
cbaccabacababacaba,c
cbbbacabacaba,bc
ababacabacbab,ab
abacabbbaba,ab
abacabacacabacabacaba,ab
acbaccacabacaba,a
cbacbacacabacabaca,c
abcabcabacabacabaca,ab
bcabbacabacabacabacabac,b
abcababacbabac,a
cbacbacababacabac,c
acbabacacba,ac
cccabacabba,c
abcabbacabacabac,ab
cababacabacabacaba,c
cbacbacabacabacba,c
acbacacabacababacabac,a
bcabbacabacbbaba,b
acbbabacabacabacab,ac
bcbacababaca,bc
bcabcacabacacaba,bc
cabcabacbacabacabaca,ac
abbacacabacaba,a
cbacbacabacacabacb,c
acbacacabacabacabaca,a
abcbacabacab,a
ccabacacabaca,abc
bacabacababacabacb,b
accabacabacabacabacabac,a
cbacbacbacbaccaba,bc
acbacabacbacabac,a
bbacabacbabac,abc
bcbacabacabacabacb,bc
bcabcabbacabacabac,bc
bcabacabacabbb,bc
cabcabacabacacab,ac
bacabacabacababacaba,b
acababacacab,ac
cabacabacbabacabacabacab,c
bbacbbab,abc
cabcabbbb,c
cbacacabacabacabacac,bc
bacabbabacabac,b
cbacccaba,bc
cabcabcabcabacababac,ac
abacbabacabacabacabacab,ab
cabcabcabcabacabacabacb,ac
bacabacabacababacab,b
bacabbabacb,b
cbaccabacabacabacaba,c
bacbacacbacabacabaca,ab
bcabacacbb,bc
cbacabacbbab,bc
bacabacabacabacbacabac,b
cababacacabacaba,c
bcbacabacacb,bc
babacabacabacabac,ab
cbacbacbacbacbacbacbacbaca,c
cbacbaccabca,c
babacababa,ab
abcbabacababacab,a
acbacbacabacbba,ac
cacabacaca,ac
acacbacabacbba,ac
cbacabacacbacbb,bc
cacabbaba,ac
acabacbbbbaba,ac
abcabcabacabacababa,ab
bcabcabacbacb,b
bcabacabbbab,bc
cbaccabacacaba,c
bacbacabacbabacabacaba,ab
cabacbabacba,c
baccacbb,b
cccabacab,c
ababacbbb,ab
bcabcabacabacabacabacabac,b
bacabacacbacba,b
abcabacacabab,a
bcacbacab,b
acbacacbabac,a
bcabcabbbab,b
acbabacabacabacaba,ac
bacabacacbacb,b
cbaccabacabacabacabac,c
bacacbacb,b
abcabcabcabcabacababac,ab
abbabacac,ab
cbacbacbacbacabacac,c
bcabacbacabacabac,bc
cabcabacabacabacacab,ac
baccabbba,ab
cacababacb,ac
acbacbacacabacabacab,ac
bcabacabacabacababa,bc
abacabacbabacab,ab
ccbacabacbb,bc
acbacbabacba,a
cabacacabbba,c
bcabbacabacbba,b
cabbacbacab,c
cbacabacabacabacbba,bc
acbacabacacabacabac,a
abbacabacabacac,a
cababacabacabacba,c
cacabacacabacabacaba,ac
bcabcabbbbb,b
cbacbacbacabacababaca,bc
cabcacabacabaca,c
acbaccabbaca,a
abbacabacabacababaca,a
ccabacabacabacb,abc
cabbabacabba,c
bcbabacababaca,bc
bacbaccabacabacabac,b
acabacacabacabacabac,ac
bcabcacabab,bc
abcabcababacbabacacb,ab
abbaccabaca,ab
cabacbbbaba,c
bcabacabacabacabacabacbb,bc
bcacbacb,b
abcabacabacabacacaba,a
abcabcabcabcabcabacabacab,a
bacbacbabacaba,ab
bacabca,b
bacabacabacabacabacabacaba,b
cabcacabacbbabaca,c
abcabacabacabbba,a
bacbacacababac,ab
acabacabacabacabacacba,ac
bcabbaccaba,bc
abcabacacabacac,a
acbacbacacbc,ac
cabcabcababacbba,c
babacababacaba,ab
cabcabcabcabcabaca,c
bcabcabcabcabcabacabacab,bc
abbacabacabacabacb,a
cabacabacabbba,c
abacabbabacabacaba,ab
cabbcab,ac
abacbbabacbba,ab
acbacbacabacabacabacabaca,ac
abcabcbbab,ab
cbabacababac,c
abababa,ab
acbacababacac,a
bacabacabacacabacabac,b
abacababacacb,ab
abcabcabacbbbaba,ab
abcabacabacbac,a
cbacabacabacbac,bc
bcababacababacabac,bc
ccabcabacabacacb,ac
cbbabacababacab,c
accbbabacb,a
bacabacabacabacababac,b
cabacababacababa,c
cbacabacabacabacabacba,bc
baccbbabac,ab
bacabacabacabacabcabaca,b
abacabacacbacabacabacabacb,ab
acbaccbacba,ac
bcababacabacbba,bc
bbacabacacb,abc
abcabcabbaba,ab
bcabcababacababa,b
bcabcabbacabacb,bc
abacababacabacabacabac,ab
ababacababacbb,ab
cbacbbbacab,c
bacbacbacabacabacaba,b
cabcabacababacabaca,ac
cabacabacabacababacaba,c
cabbacbabacabac,ac
bbacacabac,abc
ccabacabacba,abc
cbacbacbbb,c
bcabcabcabcabacba,b
acbacababacabacabab,a
abcababacabacababa,a
ababacababacba,ab
cabcabcabacababaca,c
cabcabbacabba,c
cabcabacabacabb,ac
bbacbbabacaba,abc
abacabbabacabac,ab
abcabcababacabacaba,ab
bcabcabacabacacabac,b
bacbbabacababacaba,b
acbacbacbacbaccab,a
cbacbacbaccbb,c
cbacababacabacaba,bc
abcabacbacbaba,a
bcbabacabacb,bc
bacbacbaccabacabacba,ab
abcabacabacababacb,a
acbacababacababaca,a
cabacabacabacbabacaba,c
cbacbacbacbacbacbacbacbacabac,c
abbacabacabacabacab,a
cabacacababaca,c
ababacababacaba,ab
cabcabacabbabacab,ac
bcbabacabacacaba,bc
baccabacbbabacab,ab
abacabacabacbaca,ab
bcabacabbab,bc
bbbacabacba,b
cbacacabbb,bc
ccabacabacac,abc
cbacbacbacabacacbb,bc
cbacacabacabacabacaba,bc
abcabcabacbaba,ab
bacbacbacbacbacbacbacabacabaca,b
bcabcabcabacabacabacb,bc
abacabbbab,ab
bacababacaca,b
acbabacac,ac
acbacbacabacabacabacab,ac
bacabacabacabbaba,b
abcababacbabacaba,a
bacbacabacababacaba,ab
cabcabcacaba,ac
bbbabaca,ab
cbacacabacabacac,bc
bacabacacabacabacab,b
bcabcabcabcabcabacb,bc
acbcabacaba,a
cabbacabacabacabacb,ac
cabcabcabcabcabacabaca,c
cabcabcabacabacababa,c
acbaccbacabacabacabacabac,ac
cabacabacabacabacabbb,c
cbacabacababacabacb,bc
abbabacabacabacaba,ab
bcacabacabacab,b
abacabacabacabacbac,ab
accbbba,a
cbacbaccbac,bc
cbaccabbb,c
acbacacbacabacab,a
bbacbbbba,abc
cbacbbbabaca,bc
bacbaccabcabaca,ab
cabacabacababacab,c
abbacabacacaba,a
cabbacabacacba,ac
abcbbabacabacabac,a
acbacbacbacabacbba,a
cabbacacba,ac
abcabcabbaccb,ab
bcabcabcabcabacabacabaca,b
cccabacabacb,c
bcababacabab,bc
bcabacabbaba,bc
acacabacacbaca,ac
acbacabacacbc,a
bcacabbb,b
cbacbacbacbacbacbb,c
cbacabacabacacabaca,bc
bcabcabcabacbba,bc
acabacacabba,ac
bbbacba,b
accacababa,ac
abbacbbab,a
cbacbacbacbacba,c
cabacacabacabacabaca,c
cbacabacacabacabacaba,bc
bcabcabacacabacabacaba,b
abacabbbb,ab
abcabcababacacb,ab
abacabacabacababacab,ab
cbacabacabacabacabbb,bc
abcabacabacabacabb,a
ccbacabacbba,bc
cbacbacbacabacabacabacba,bc
abacacababacab,ab
abacabacabacabacabacba,ab
cbacabacababacbb,bc
acabacabacabbba,ac
cbacabacabacacbb,bc
cabacabacacbac,c
cbacbacabacacabacabac,c
abacacababac,ab
cabacacabacababaca,c
bbacacabacaba,abc
abcbabacbba,a
bcabcababacabacaba,b
acabacabacabacacabacb,ac
baccbbbb,ab
abcabcbbb,ab
acabacabacabacabacbb,ac
acbacbacbacbacbacabacabaca,a
cabcabbabacab,ac
abcabacabacabacaca,a
ababacabacbacaba,ab
bcabcababacabbabacb,b
bcabacabacacabacb,bc
cbacbabacabacabac,bc
acbacabacacabacba,a
bcabacacabbba,bc
acabacabacabacabacacb,ac
cbaccacababa,bc
abcababacabacabacaba,a
cabacabacacabacabacab,c
babacabacacaba,ab
cbacbacabacacba,c
abcabbacacba,ab
abcabcabacabacabacbab,ab
abcabcabcbba,a
acbacabacbac,a
cbacabacabacabacababa,bc
acabacacabacabacabacabac,ac
cbacbaccabacacaba,bc
bacbbabacabacabaca,b
ababacabacabab,ab
cabbacbab,ac
baccabacabacabacba,ab
cbacabacabacababacb,bc
abacacbaca,ab
bcabcabbacababac,bc
cbacabacabacbabac,bc
acacabacacabacab,ac
acbacbacabacbbbba,ac
bacbacacabacaca,ab
acbacacababacab,a
baccabacacabacabac,ab
ccbabac,abc
bbabacba,ab
bcabcabacabacabacba,b
cabacbbabacab,c
cacbaba,ac
cabbacabacabb,ac
acbacbacabacababac,ac
acabacbabacacab,ac
bcabcababacabacabac,b
abcacbbab,ab
ccbacabaca,bc
bcabcabbacabb,bc
cabcabacbbba,ac
cabbacacabab,ac
bacbacabacababacabaca,ab
abacbbabacb,ab
cabacacabbb,c
bacbacbacbaccbacba,b
cbacabacacabb,bc
cbacabacbabacabacaba,bc
cabcabcabacaca,c
cabcabacabacabacabacabaca,ac
cabcabcbacabacba,c
bcabbacabacaca,b
bacabacabacabacacabac,b
baccabacabacacaba,ab
bcacabacacab,b
bacbacabacabacabacacaba,ab
ccbbb,bc
acacabacababacab,ac
cabacabacbabacabaca,c
bacabacacbacabacabaca,b
abacabacacabacabacabacaba,ab
acabacabbabaca,ac
cccabacabacab,c
bcabacabbabaca,bc
bcabbbabaca,bc
abcababacabacabac,a
cbacacabacbbaba,bc
acacabacababaca,ac
abacacbacab,ab
cabacabacabacabacacba,c
bcbacabacacaba,bc
cabcabcabcababa,ac
ccbacbacb,bc
acbaccabcaba,a
bbcabacaba,bc
cabacabacabacabacabacac,c
abacabacacbacab,ab
cabcabacabacbaba,ac
acabacabacbabacabacaba,ac
acbacbacabacabacbb,ac
cbaccabacabacacba,c
bacbacabacacabacabacb,ab
cabacabacbabaca,c
bacacababacb,b
acbacabacacabacb,a
abcabcabcabbacbb,a
abbacbbb,a
baccbacabacabac,ab
abcabcabcaca,ab
acabacabacacabacabacbb,ac
ccbcabacabacacaba,bc
abcabbacababaca,ab
cabcabcabacabacbacabacaba,c
accabbab,a
acacabacabacac,ac
ababacbbbaba,ab
cbbbabacabacb,c
abcabcbabacabacabaca,ab
abcabcbab,ab
accababacb,a
abacababacabacaca,ab
acabacababacbaba,ac
accacabab,ac
abcabcabcacabacabacb,ab
cababacbbabaca,c
acacabacabacacab,ac
abcabacabacabacabacb,a
cabacacbaca,c
bcabcabbacabacabaca,bc
abcacbbaba,ab
bacbacbacabacabacac,b
cbcabacaba,bc
bacbaccababacab,b
abcabacacababacabac,a
cbacbacacabacacab,c
bacabbabacab,b
cabacacababacab,c
abbacabacabacabacabacabac,a
cabacabacabacbaba,c
bcabcacabacabacacabaca,bc
abcacabacabacb,ab
acacabacabacababacab,ac
bcabcabcacaba,b
acbacbacabacabacacaba,ac
bcabcabacababacaba,b
ccabacabacabacabaca,abc
bcabcababacababacb,b
abcabcabcabcabcabcabacb,ab
acbaccacabacab,a
bbbacacaba,b
cabacabacabacbab,c
bacabbbab,b
cababacbabacaba,c
abacabacabacabacabacabab,ab
bcabbacacabac,b
cbacbacacbaca,c
acacabacabacabacabacba,ac
cabacabacabacacabacb,c
bbacbacacba,ab
abcabacbabacabaca,a
cbacbacabacabacabacbab,c
acbacbacabacacabacba,ac
baccabcba,b
baccbbab,ab
acbacbacabacabacbba,ac
bcabcabacabacacabacabaca,b
bacabbabacabacab,b
bcabbacbbaba,b
abcabcacabacb,a
bacabacacbac,b
bcabcabcabacbacab,bc
bacbacabacabacabb,ab
abacabacabacabacac,ab
bacabacbacba,b
bcabcabcabacabacabacabacb,bc
cabcacababac,c
acbacbacbacbacbacbacbac,a
acacabbbba,ac
cbacabacbabaca,bc
bacbacbacbacabacabab,ab
accacbaca,ac
bacbaccabacacab,b
abcabcabbacabacabaca,a
acababacababacab,ac
bcabacabacababacabacab,bc
babacacbacaba,ab
acbacabacababacabac,a
cabcabcbacb,c
bacabacabacabacabacbac,b
cbacacababacabacabac,bc
cbacbaccabacababac,bc
cbacbacbacbacbacbacbac,c
abcabacabacabacacabaca,a
cbacbacabacabacabacb,c
cabcabacabacabacbb,ac
cabbbabacb,c
bcbacabba,bc
acbacabacabacbabac,a
accabcababa,ac
bacbacbaccabbacab,b
cbacabacacbacab,bc
abbacabacababa,a
cabcabcabacabacbacabaca,c
acbacbaccabb,a
abcacabacabacbabac,ab
bacbacabacbab,ab
bcabacacabacabacabac,bc
bacabacacbbab,b
cbacbacabacabacababac,c
accacabacabacb,ac
cbaccabbba,c
bacbacbaccbac,ab
cbabacabacbb,c
acabcba,ac
cbacbacbacbbbbba,c
bacbacbacabacabacabacabacabaca,b
bacacabacabacbba,b
accabacabacacabacaba,a
baccabacacabaca,ab
bacbbbacb,b
acababacabacacab,ac
abbabacabacabacab,ab
bbcbabaca,bc
abcabacbacabaca,a
abcacabacabacacb,ab
abcbacabb,a
bcabbacababaca,b
acababacabab,ac
cabacacabacacabacb,c
abcbacabacacaba,a
abcabbabacabbb,a
cbacbaccabacabac,bc
cbbbacababaca,bc
cabcbacabacababa,ac
cbacabacbabacac,bc
cbacbacabbba,c
cbacabacabacabacabacabacabac,bc
acabacabacacabacabacab,ac
cababacabacabb,c
ababacbbabacba,ab
abcabbacacaba,ab
abbabacabb,ab
abcabacabacabacacab,a
acabacabca,ac
cbacbaccacabaca,c
abcabacabacacabacaba,a
cabbabacabacaba,c
cbacababacababaca,bc
acabacabacacababa,ac
accabacbabacba,a
bcabacabacabbba,bc
acabacabacabbabacab,ac
cbaccbacabba,c
abbacacabaca,a
cabbacabacabacabacaba,ac
baccabbacab,b
bcabcabbacabacaca,bc
abacabacabacabacbbb,ab
abcabcabacbacb,ab
cacababacacabac,ac
cabcabcababacabacaba,c
cabcabcabacbab,c
cabacabacbbb,c
abcabcabcabacabacabacababac,a
cabacababacacaba,c
cbacabacacabacabacab,bc
bacbacabacacabacabba,ab
accabacababacab,a
cbbabacabacabacab,c
cbacababacababa,bc
cabcabcbaba,c
cbabacabacacb,c
abcabacabacababacab,a
cabacabacabacababac,c
bacbacababacababac,ab
acabbbabac,ac
cababacabacabacabacaba,c
acbbabacbb,ac
abcabcabcabbacabaca,ab
acababacabacabacba,ac
bacbacbbaba,ab
abcabcababacba,ab
abacbacbbaba,ab
acbabacabacabacab,ac
bcababacabacabaca,bc
bacbacbacbacabacab,ab
acabacabacbab,ac
abacababacacabac,ab
cabbacabbb,ac
cacabacacababac,ac
cabcbbabac,ac
bcbabacabacbba,bc
baccababacabacababa,ab
bcbabacbabac,bc
cabacacabacbb,c
cabbabacba,c
cbacbacbbab,c
abcabcacababa,a
cabcabcbacabaca,c
ababacabacabacabaca,ab
bacbacbacbacbacbaccab,b
cabcabacababacabacabaca,ac
baccbacabacacb,ab
acbacbacacababacabac,ac
bcabcacabacaba,bc
baccbacabacabacab,ab
acbaccbacabac,ac
cabacabacbbabac,c
acacabacabacacabaca,ac
acabacbacabac,ac
cababacabacabacabacacab,c
cbacabacacbacabacabacba,bc
cabcababacabacabab,ac
cabcacabacacab,c
acbcababacabacb,a
acbacbbabacabacabac,a
cbacabacabbb,bc
abacbbabacacaba,ab
acbacbbabacab,a
cababacbbabac,c
cababacabacabacabaca,c
ccacabacba,ac
cabcabacabacababacb,ac
cbacbabacacba,bc
bacbacbacbacbacc,b
baccabacababacb,ab
ccacabacabab,ac
cabcabacabacabacacabaca,ac
abcbacabacabacabac,a
acababacabacabacabacab,ac
abcacabacbac,ab
bacabacabbabaca,b
accabacabacbac,a
bcababacacabacb,bc
abcabcabcabcabacabac,ab
acbacbacabacabacabacababa,ac
acacabacabacabacabacababaca,ac
acbacacabacbba,a
cabcababacabb,ac
abcabacabacbabacb,a
bcababacabacabacabaca,bc
bacbacacabacabacb,ab
acabc,ac
accabbacabac,ac
abbabacbab,ab
cabcacababa,c
cabacabbbba,c
accabacbaba,a
bacbacabacacabacaba,ab
cabacacabacacab,c
bcabacacabacabaca,bc
ababacabacabbb,ab
cbacabacababacabacba,bc
bcabcabacbabaca,b
cbacbacbabaca,c
bacbacbacbacbaccab,b
bcabcabcbacabacabacba,bc
bcabbbabac,bc
bacbacbacbacbacabacacb,b
ccabcabacab,ac
cabbacbbaba,ac
ccabacabba,abc
abcabacabacabacacbacab,a
cabacbacba,c
bcacabacbacba,b
acbacacababacabac,a
abacabacbabacb,ab
bacbacbacbacaca,ab
cbacabacabacacbacab,bc
ababacabacacb,ab
cabcabacbabacabac,ac
acbacabacabacabacabacb,a
bcabacbacbb,bc
bacabbbabac,b
bcabcabcababacabacb,bc
bacbacacabacabbba,ab
abcabacabacabacbbba,a
abcabcabcabcabcabbac,a
abcabcabbacabaca,a
cabcabbacabacabacab,c
abcabcabcabcbaca,ab
acbacbacbacca,a
cbacabacababacba,bc
bcabcabbacacab,bc
cabacbacbabac,c
abbacabacacabacabacababacbba,a
cbacbacbacabacabacaca,bc
acbacbbbacabacabac,ac
cabacacac,c
cbacbacbacbacbacbacabaca,c
abcabacabacababacaba,a
cbacabcabacabaca,bc
bacbacbacbacbacabacabac,b
ccbacababa,bc
baccabacabacabab,ab
baccabacbaba,ab
bacbacabacabacababa,ab
ccacababaca,ac
accacbacabaca,ac
acacabacabacacba,ac
acbacabacbbba,a
acbacbacabbba,ac
acababacabb,ac
bcabacacabacabacabacaba,bc
bcabbacabacacab,b
cabacabacbaba,c
cbbbabac,c
cabcabacababacabacb,ac
acbacbacababacab,ac
cbacacbab,bc
bacbacababacabacaba,ab
cbacbacabacacac,c
bcabcababacacb,b
bacabacabacabacabbba,b
acbbabacabacba,ac
cbabacabab,c
bacbacbacbab,b
cbaccabbaca,bc
bcabcabbabac,b
cbabacacabac,c
abacabcab,ab
baccbabacb,ab
abcabacabbbaba,a
abcabcbabac,ab
bacbacbacabacabacab,b
cbacbacacbb,c
acabacabacbbba,ac
bacbacabacabacacaba,ab
bcacababa,b
bbacbacacb,ab
acbacabacbaba,a
cabcabbacabacaca,c
cbaccabacacabaca,c
bacbbcaba,ab
ccabbbaba,abc
abacabacabacbac,ab
abcabcabacabbba,ab
acbacbacbacbacbacbaca,ac
abcababacabacacab,a
acbacbacbacbacbacbacacaba,ac
bacacabacababac,b
cabcabacbcabacabacabaca,ac
abcabcabacabacacba,ab
bcabacabacabacabbba,bc
accbabacab,a
acabacacabacbabacabacacaba,ac
cabacabacbabac,c
acbacababacba,a
acbacabacbbabaca,a
bcabcbacabab,b
bcabcabbacababaca,bc
abcabacababacabaca,a
bacabacabacabacacabaca,b
abcabbabacaba,a
bacbacbacababacabacb,b
cabcabcababacb,c
cbaccabacabacababac,c
acacabacabacbb,ac
ababacabacbaca,ab
bcabcabcbacabaca,bc
bcabacababacababacba,bc
cbacbbbb,c
bacabacabacababacabac,b
bcabcabcabcabaca,b
cbacbbacabac,bc
cbacbacbacacababaca,bc
cbacabacabacacbacabacabac,bc
acabacbabacba,ac
ccbcbb,bc
bacababacacabacaba,b
cbacbbbab,bc
cbacacbacabacaba,bc
bbabacabb,ab
abcabacbacabac,a
acababacabacac,ac
abcabcabcacb,ab
cbbabacabacabaca,c
cabacabacabacbcb,c
abacabacbacabac,ab
cbacbaccacabacb,c
bacabacabacbab,b
acbacbacabacacabaca,ac
cbacbacabbabac,c
abacabacabacbabacab,ab
abacacbbbb,ab
bcabacabacabacabacabacaba,bc
cbaccababaca,c
cababacababac,c
abcabbacabacacb,ab
acbacbacabacabacabacba,ac
acabacacbabaca,ac
bcbbabacba,bc
acacbacabacabaca,ac
acacabacabacabacb,ac
cabcabacabacababacbb,ac
accacabba,ac
cabcacbba,c
bcabcabcbaba,bc
bcabcabacabbabacb,b
cbabacabacac,c
cabcabacabacabacabacabacaba,ac
bcabcabcabacacba,bc
cabcabcabacacabacabacab,c
abcabbaccb,a
cabacabacabacababacabacba,c
acbaccbabacabac,ac
abcabbabacb,a
bacabacabacacbba,b
bacabacbbabacabaca,b
cabacabacacabacabacba,c
acbacacbacabac,a
acbacabacacbacb,a
cabacbabacabaca,c
cbacacbacbba,bc
acabacbabacabaca,ac
abcabbacacabacb,ab
bcabbacabacbb,b
bcabbaccaca,b
ccbcacba,bc
acbacababacababacb,a
bcababacababaca,bc
cbacacabacbbbb,bc
acabca,ac
bcabcabcabbacabaca,b
cabcabacabacabacabacba,ac
abbacabacabacacab,a
bbabacabacabacab,ab
acabacacbaca,ac
cabacbbabacaba,c
bacababacabacacb,b
accababacac,a
accabacabbba,a
bacbacbacbacabacabacabac,ab
ccacabb,ac
ababba,ab
acbacbc,ac
cabcabbacabacabaca,c
cabcabcabcbb,ac
acabbbabacab,ac
cabcabcababacabacab,c
bacbacbacacabacabacaba,b
cbacbacabacabacaca,c
abcabcabcabcabacbba,ab
ccabcabacba,ac
acbacbacbacbacba,a
cbacbacbacabacacababaca,bc
cabacacabba,c
ccabbba,abc
abacabacababacabaca,ab
abcabcabcabcabaca,ab
cabcabacbbbab,ac
bacbabacbb,b
acacabbab,ac
acabacabacacabacaba,ac
bacbaccbacabac,b
accabacabacabacabab,a
bacbacbacabacacaba,b
abbacabacbacabac,a
acabacabacbabacab,ac
abbabacabacab,ab
abcabcabcbacb,a
abacbacabacba,ab
ccacabacabacba,ac
baccabacbbabaca,ab
acacbbba,ac
cababacabacaca,c
bcabbacacabacab,b
cbaccabcab,c
cabcabcabcabacababaca,ac
babacabacbba,ab
cabcbacabacb,ac
abacabacacabba,ab
bacbacbabacabacab,ab
cbacacabacababacabacabac,bc
abcabbacabacabacabac,ab
cbacbaccacab,c
acbaccabacacabacab,ac
cbacbacabacacabac,c
accabacbbabac,a
bacbacbabacb,ab
bcabcabcabacabba,bc
accbabacabaca,a
cbacbacbacabacbab,bc
ababacabacabacabacabaca,ab
cabcabcabcbac,ac
bacbacacabacba,ab
bcabcbabacba,b
abacabacabacbacaba,ab
abcabacabacabacbba,a
bacbacbbb,b
acbacacbaba,a
acbacbacacabacabaca,ac
cabcabcabcabacbaca,ac
acbaccacabacabaca,a
bacbacbacabb,b
bcabcabacbbabaca,b
cbacbaccabacabacba,bc
cabcabacbabacab,ac
bacabacacbbbabacab,b
accababacabacabacabacaba,a
cbacabacacbacb,bc
baccabacacabac,ab
cbacbaccababa,bc
cbabacababaca,c
acbacbacbacbacbacc,a
bacabacababacabacabacab,b
abcbbabacababa,a
bcabcabbaccabac,b
cabcacabacb,c
acbacabacabacabacabacabaca,a
acacabacabacaca,ac
cabcbacabacabacababac,ac
bcbacabb,bc
bacbabacabacabac,b
bcabacababacabacab,bc
abcabcabacacba,ab
bcbabacabb,bc
cabacabacabacbbabacaba,c
abacacabacbb,ab
abcabcabbabac,ab
acbacbaccababaca,a
ccabcac,abc
abcbacbb,a
cbbbacbba,bc
bacbaccabacbb,b
acabcabaca,ac
abacabacacabacbb,ab
cbacababacabab,bc
acbbabacba,ac
bacbacbacbacca,b
bacabacacabacabacaba,b
acbaccababacab,ac
acabacabbabacab,ac
bcabbacabacababac,b
abcabacabacabacabacba,a
bacabacabacabacabacabacabacabacacab,b
acabacacbacabacaba,ac
acbacbacbacbacbacbacbaca,a
bcabcabacababacabacabacab,b
acbacabacabbb,a
babacabacabacaba,ab
abcacababacb,ab
abcabacabacabacabba,a
bcabacababacabacabacab,bc
acabacabacabacabacaca,ac
abcabcbabacab,ab
baccabacacabacabacab,ab
acbacabacabacbabaca,a
abacabacabbabacabac,ab
cbaccbbab,c
ccbacbacaba,abc
bcabacabacabacacabaca,bc
bacbacbbabacab,ab
cbacbacbacacbba,bc
cbaccabacabacabacba,c
cabacabacabacabacbb,c
accabacabacabacabacabacab,a
bacabacababacabacabacabacabb,b
bcababacabacabab,bc
babacacba,ab
acacabacbabaca,ac
acabacacabacacba,ac
cabacacabacabacabacacb,c
acbacbaccbb,a
abacabacabacababacaba,ab
cabcabacbacabac,ac
cbaccabacabacaca,c
bacbabacabacbba,b
bcabcabcabcabacabacabacab,b
abacabacabacacabacacb,ab
acabacabacacabacab,ac
acabacabacabacababacaba,ac
abcabcabcabacabab,a
cacbaca,ac
bcababacabba,bc
acbacacabacababac,a
cabcabcabcabcabb,c
acababacabacba,ac
acacabacabacabacacb,ac
cabacabacabacbac,c
abcacbaba,ab
acbacbacacababaca,ac
cabacabacbacb,c
acabacabcab,ac
acbacbbbba,a
cabcc,c
cbacabacbacab,bc
bcabacabacabacbaca,bc
bacbaccbacababa,b
bacbacabc,ab
bcabcabcabcabbb,b
acbabacabacabacabaca,ac
cbbbacacb,bc
cabbacacabacbb,ac
abcabcabbacc,a
acbacbacbaccabbba,ac
acbacacbacaba,a
bbacababaca,abc
abacabacabacabacabacabacabacabac,ab
bcabacabacacabacabacab,bc
acabacabacacabacabaca,ac
cbacabacabacababacaba,bc
ababacabacabacacab,ab
